x1,x2,x3,x4,x5,x6
-34.13284701207679,-51.24543404791223,-37.25288294882496,-24.104113487741063,-25.077684771259346,-26.261091214663104
2.0437315879733817,-0.4445884605077869,-10.002224835819343,-12.815419940503391,-1.3642128014247574,-13.601840066464733
10.300482833215126,9.09421802274367,10.329264455096634,8.015099377583798,7.711790982652521,8.894060152361735
-10.114917107519101,-14.536845753498355,-13.479818571659768,-9.0690699651657,-9.972818981071956,-11.992103849897767
-39.875975159550784,-40.136604942487615,-31.882682704059768,-43.92644152189318,-51.034268454689894,-44.07774843536424
-56.67189258105722,-54.97729226408853,-57.28616360564293,-57.219790514540044,-55.85608582659417,-61.4920695345468
-22.806678099806454,-21.432768582075997,-36.02118374977129,-24.61114988557147,-26.09512455034283,-30.858648755424127
1.0256164748914367,-8.261281014719986,-13.707776909175498,-15.149364695303477,-6.606352058402567,-12.741093884467181
11.878080190722319,12.808375516093859,-4.94276440559649,8.11262869855177,11.869613274644758,9.04175241785818
-4.778970494421453,-2.380970078917629,-5.288288987166367,-3.269262336172139,-5.570068724835913,-4.911320867814771
-26.081974239711457,-28.03443012480845,-18.587824133220845,-27.21258185037497,-28.17670509339066,-23.528229573620834
-25.53254761132114,-37.27388954137825,-28.24564368178407,-44.14426543195021,-26.187504264809192,-26.525183783748115
-11.580567458912427,-9.482410935841935,-18.707235629220495,-19.669931900419503,-34.41110052481758,-23.020845877583483
-4.005670039609488,-8.158293213025843,-7.720801532254452,-13.698576199740403,-2.910601314420435,-10.851828823172195
5.359554457102815,0.2037910649934089,4.042126151324205,-1.4951894917023434,11.51765382032616,2.000214436198286
3.7531583214749875,1.3584412699018407,4.182156448479227,4.395993295460891,6.151216681118301,5.592573169763872
-35.478378343787014,-43.35305304349189,-25.348112473637322,-27.92980269474514,-26.00168528252559,-23.49612495826755
-38.90905183059534,-47.59551657551885,-46.86635075794228,-53.05484748498826,-30.89539506967889,-28.983452605057877
-7.695048708442818,-7.523445023532222,-8.534354288402632,-9.740098180739396,-31.30889169142435,-27.569143673295123
-5.61018423257581,-6.991002034117702,-9.365480836287306,-8.142521224996134,-5.616266891114857,-10.610605134071053
4.724024936141716,17.614504344832252,4.726661888913249,12.362973769934639,-0.717005233400286,3.1748978140247663
-3.887898685455743,-12.648619354203465,-10.226415523300123,-11.033625810831385,-8.346730673891383,-4.564329205695336
-68.12088807274135,-48.9022300422182,-46.589523552382104,-47.797126827151146,-45.80718005958572,-44.03160981806042
-24.932035244888603,-30.454923772918928,-42.415263963737985,-37.34579124436977,-37.881954800036425,-36.27818252692924
-4.604658799823114,-2.358063919992511,-1.9197345259976748,-3.149449098368933,-6.4250139143100915,-5.587404121403193
-2.0220322936153647,1.073145580893986,1.013790179255965,-3.757421615447285,2.547404187472408,2.7036298684343634
8.855906210957025,11.83170447237602,8.448444954755226,18.791395036893093,19.37301960250547,13.919966838506992
-6.518948090347776,-8.820484464748075,3.00201031433109,-21.116084462110887,-8.021209707820859,-22.13986968342467
-54.665508242398474,-43.912722195910426,-36.29730017919978,-35.08866895795486,-44.41990489830295,-39.99774280321022
-23.184461737384865,-28.065868187166,-35.28026617271605,-38.06843146544036,-27.55107884953792,-26.369362186860396
-2.4211469516114352,-7.673011038798462,-5.7479009866514845,-4.54189246567138,-0.4013097268557688,-0.9708767387546521
0.3000351720335759,-0.8892167600972297,-6.887555019226556,-3.949041718145089,-1.9367452662448776,1.118520173952081
10.156536458266894,2.319561861364641,6.526568198132225,3.3132623780137727,13.512893271849387,6.4493241977187
-6.740753336845148,2.0569017092826902,-10.246874966711612,-1.8004252703807753,-9.992042897708643,-8.251684707676661
-46.4756019736125,-42.513363310302694,-42.27137968370649,-38.76090203521729,-50.448463564817914,-46.347889893307936
-34.324314171954676,-36.12789341660077,-36.918201725390944,-42.153302088127475,-30.899266834248202,-34.87905585654945
-8.673624331838647,-17.277744760571586,-8.601946427954447,-7.3081321103183985,-3.020889941551042,-2.498067395735991
-1.1106560388152769,0.4754641395795015,-2.878284009936306,-6.139114202958286,-4.873475363537423,-0.17247617742105395
2.447191351014099,2.9220329423171623,5.019933357534491,-0.977987889927329,4.61501670033278,2.7812280654149726
-4.913758989850688,6.005226961850639,-2.144356308179832,3.1722141402613366,-5.3467596769830985,-5.232335270435776
-36.77459773130782,-32.76852860250067,-44.50878980744192,-36.55312141279442,-40.85777969989585,-40.66559174767987
-28.747745917869757,-34.60165101465654,-32.71844232080738,-31.37201747521586,-23.06499456186058,-29.101037759108657
0.0,0.0,0.0,0.0,0.0,0.0
0.0,0.0,0.0,0.0,0.0,0.0
0.0,0.0,0.0,0.0,0.0,0.0
0.0,0.0,0.0,0.0,0.0,0.0
0.0,0.0,0.0,0.0,0.0,0.0
0.0,0.0,0.0,0.0,0.0,0.0
-32.9810113721418,-42.52908799314664,-30.294538063685927,-32.802000540335584,-26.071294991211083,-26.483854564803618
-8.156878080406901,-9.861505168026605,-10.4243758269921,-16.293874818430286,-9.785596387243631,-13.10868644746613
2.618458694807363,4.631672506305132,1.506655375201383,5.903432950525508,3.217125980073565,5.769539765368695
4.846048235371524,3.2730388382490707,4.642181250396588,3.4819656177104226,7.321690935003897,3.734158036634846
-42.43153355406402,-44.031032005791346,-48.32388887222521,-42.434256635175586,-46.22040585525655,-38.19702297821754
-48.48376259382625,-47.42212222589073,-48.018040604364806,-49.54779203062971,-46.92994733528395,-54.46140498757714
-28.56534510115414,-28.390770268330577,-39.52999648598394,-28.180296906892497,-33.25040145354228,-32.269107026419775
-12.793932285453552,-13.488127681069786,-15.91391081573945,-13.915841609456646,-5.432438296832484,-15.397295785778356
8.214036591199863,11.369534175604318,-9.174788162066212,10.234577362268581,12.801378603624647,10.930690024532048
-4.951405767924196,-4.6890568853294745,-4.347661368164365,-1.490859552202529,-5.949547914186584,-4.505767237658462
-42.32711841929206,-44.38524094822588,-16.342013229908254,-41.81716472828653,-40.85856353644365,-36.05443490448054
-34.854451587234216,-52.902923869530206,-38.207499501634224,-62.5807484330122,-38.49577988367843,-38.08063397899625
-15.383812544421112,-7.20970561895965,-13.110027495222528,-9.482700170858749,-29.078124261876358,-21.231341119590166
-10.611362296458534,-11.890890891900044,-7.5699611221347745,-11.470994354127445,-2.5130055893414958,-6.809030442104406
6.689460515430082,0.9567471334244455,6.141371784351692,3.578252759697077,11.18742590387007,9.099018094996765
-6.900405234679686,-6.323180964525951,-3.2452058424211843,-3.458926761705224,-9.036016365717531,-7.000031433993043
-48.39807051942718,-51.047171278511584,-42.348816822834394,-39.38971906143398,-37.83683612937652,-34.585740746164724
-42.16287210882675,-47.79000506686915,-52.97349134668608,-53.66514304611493,-34.020108554503544,-31.752342652111437
-9.020045820731227,-3.010776275373942,-8.99929732712773,-2.269762729982371,-23.83861818695007,-19.896826129062728
-14.743404424812399,-8.986780527372419,-11.137600017224518,-5.488278286770961,-5.253344800008975,-10.34535892892309
8.594908268542456,31.355693799913713,8.242199835400125,14.899060536385361,7.888708180838533,7.689015679207981
-7.8762097052574935,-18.36438758873793,-17.550785326082337,-11.457582228325194,-12.19152343432093,-7.044523137094777
-51.817423349849776,-36.47412607093032,-28.393007676907484,-35.40739548738854,-43.48958807370604,-45.78849402368774
-30.8437571279035,-34.11999899003255,-35.60652464280359,-39.7964192117858,-41.835346685249675,-40.431136455680836
-2.3002901183448885,-1.7038430629914245,-10.908492339490941,-3.1702101846155037,-4.697887724268568,-7.459798427447952
-2.7642372444403818,-0.828074606676853,-8.211133056130764,-6.80688653055204,-4.024634469959301,-4.330716045643794
26.92225042504645,20.818275361089196,23.524319763466078,26.74825577388245,23.63104243640367,23.46546225462288
-7.1089628743221445,-13.301478647487796,-13.719478368245978,-30.116560874406627,-15.893771656809104,-19.50783365398048
-45.43163308864646,-50.44907576092548,-45.63857709324766,-37.63185105286266,-43.92702371519936,-39.75844793089508
-32.4948132984036,-37.89988059576098,-40.30786874785048,-46.60851986406517,-37.081375544185775,-37.15552179686202
-3.0668601486283285,-4.689229856406547,-7.122484564408585,-4.161642182882214,-0.8071573713786107,-2.370237913379112
-1.1801225438603076,-1.237981122979386,-1.3025108812190958,-2.4649523288299946,1.9052618592556023,0.23363502892394014
13.265660822674489,2.5661751924332896,11.531613702092816,6.069781322219596,15.054199192727772,5.427038694901772
-16.09555150569281,-9.062675235555874,-16.309239883696144,-10.97085284248099,-15.555451206179038,-6.148569193655236
-35.22491698573297,-37.61158412142066,-45.12327254820268,-35.04589800306554,-39.52991978798315,-36.63627224094256
-31.084822439386574,-34.63475151369394,-32.30655154615736,-39.8302621915644,-28.343927713866908,-31.233779414780027
-12.931619550964578,-22.874551908143104,-11.265270257056464,-15.084628386587472,-3.7577178032150873,-4.702344496495402
-4.188285027465314,-3.8426258493298278,-6.666931825049024,-10.39592942036392,-0.5482657050329622,3.0715000605749054
4.2458248277520925,5.959397526981217,6.9577158557599255,6.634879473692353,10.351967194560523,6.536487493806972
-17.662102048692283,-3.000669805792181,-4.142866419167294,-8.102452444178857,-10.832325309166826,-8.118158229263543
-44.43418018775644,-39.74606636766045,-45.474523675214826,-45.51213367308896,-51.055291154517356,-41.06060626968418
-37.13823963610129,-43.376971669925446,-41.87182867149732,-40.67583811312187,-31.095422321592505,-37.35583576660224
0.0,0.0,0.0,0.0,0.0,0.0
0.0,0.0,0.0,0.0,0.0,0.0
0.0,0.0,0.0,0.0,0.0,0.0
0.0,0.0,0.0,0.0,0.0,0.0
0.0,0.0,0.0,0.0,0.0,0.0
0.0,0.0,0.0,0.0,0.0,0.0
-37.82582896262466,-35.091414201228844,-27.3358949852281,-29.298043489500188,-31.755796314650457,-19.807791950606035
-20.736029711847674,-16.57170325324629,-13.343703303623696,-13.918336858404647,-13.344090190556958,-11.818176140453534
3.127471833685974,0.7847671214992208,3.0033779371501312,1.0781802614691267,5.396366966265441,0.6172595122872759
-6.784289500001482,-7.509575447415661,-6.410113490689101,-7.309590551209207,-5.19879393128267,-4.042008845594437
-29.01420750920146,-30.845691139667935,-28.517054190900488,-33.96879146766009,-33.12214818850261,-29.140108537343647
-43.324993311999734,-41.140475078201185,-41.7967515395245,-44.926308527026336,-45.550885734525274,-50.52234810993677
-23.795997430586205,-21.838106735763475,-25.222753732980976,-18.704675560041263,-31.50298379872097,-23.682942030228013
-19.537006484972903,-7.911167784121214,-10.645174908914969,-12.066094079333931,-14.49474545165423,-12.711455660277398
4.575949459325681,2.3036252257046113,2.251536348399934,-0.7163723382796527,4.86667568191731,-1.8544694752045128
1.7440079153234365,0.7284824504850281,1.7508531974000912,1.1717344498861393,3.0059574934072093,3.0801586583227754
-25.834258951167033,-31.32332081099749,-23.107601954242185,-27.176774323381988,-27.97023935170642,-27.88506049062588
-27.113033870574334,-43.479146148982856,-27.240493884697095,-51.41000841377202,-29.07859786882664,-27.401710980162264
-10.061554084939859,-7.016381449962909,-10.629292043964277,-9.032537629627798,-28.342236623661258,-20.80399261239721
-6.432484875567207,-9.223058812397658,-10.434884301963466,-6.600983989225782,-12.093252943960959,-7.657632160540679
-0.4658039354282814,-1.7502039582441398,-1.3987493698328386,-3.3357470923571944,0.515109020537732,-0.7941782049510497
5.44429480954573,2.6499484977880656,3.3627404840285227,4.468235841140356,8.084903333203039,6.460876128433858
-37.03901430857568,-39.82171438573771,-37.62856262374466,-30.493048501004946,-25.873325926936626,-24.295393768799414
-39.0601999371585,-46.15601460552125,-44.64155183762454,-52.83358441269135,-27.639758172095814,-27.250330029558405
-4.909196187264397,-1.379478098499702,-5.245363152625024,-5.822350017612787,-26.747629293604877,-23.037132437279443
-6.942292546191046,-6.357344998015265,-8.296433583336407,-7.848190956024966,-18.95500591547206,-19.1018117919312
4.088908180791381,35.14261239863439,7.657701249250662,10.970886176667717,2.9491895709496845,6.89460755238685
-13.398665866046354,-17.90367946634825,-14.108396336409832,-10.925163308751266,-7.247515622435444,-6.100895879989105
-57.7068574737246,-48.29461572280152,-48.95964736879834,-39.998495226642184,-48.00677973713934,-54.42776740945472
-31.46305377370588,-29.398226571971794,-41.073787960921415,-34.26547890882433,-43.80880888294721,-42.452122522933585
0.010233260187689332,-2.262596854433387,-5.357405718460906,-2.094217631793861,-6.249048267138006,-9.337568038302445
-1.2806733027531607,-7.388561290684958,-9.366268472137115,-6.575566953427827,-13.816991510667961,-11.669888905936848
20.63528588966994,16.482298112297464,26.082553094536088,20.721660612571927,18.87937332312848,21.986906366969198
-1.5480670727393262,-13.097976544619396,-21.970945242927186,-21.517617038366275,-24.1931474719275,-16.773397850311305
-57.39555879287865,-51.831957430264985,-43.01109461481094,-44.02033629925724,-49.557728726179896,-49.211429920449675
-23.608167536231992,-30.841514203304982,-27.960612928358376,-33.96408230820372,-33.04643222902681,-38.213437071370386
-3.9802030211510306,-7.653325295587685,-3.650834056172084,-3.8020237253080293,0.621009988344703,-1.3092326342732679
-5.051327536150939,-8.689968058477302,-6.131761436507414,-6.0186882372990445,0.13700534460947802,0.3777080015744096
4.392460904394615,-1.2068700348714332,4.301178160476357,1.9137615503235963,10.600096032085299,4.571363657437352
-0.944786769402396,3.317497724711457,-3.23920005629616,-1.6837521126783637,-9.005178840224003,2.1097859244194725
-53.51779620288576,-50.10031828443549,-49.603176678982024,-41.58950206296087,-48.11151430552131,-41.33687933087963
-33.4324528771939,-38.62572496722906,-34.28137603996741,-39.611097724673634,-33.29728393770006,-35.94938577929634
-18.762904276857764,-28.73456893249682,-11.02038811322993,-19.18645041850467,-6.003656466098783,-4.003551698603042
-15.306987463782963,-20.296675561639706,-9.996398083636079,-11.976739997658534,-0.986816748617799,-1.781772767052218
0.41586605033226787,4.528347590171341,0.6307490160809265,2.1683238365912376,5.322072697838695,3.9817821272455935
-6.263227985197536,2.1069918809877195,-2.8977365546320173,-1.906975280041502,-2.1314829856347823,-2.9060803061447955
-47.71978696035287,-39.47151400442294,-40.27549332023418,-42.42058379550742,-46.56123889712133,-36.28408179762087
-41.45431552586739,-48.01439296775806,-45.070677580194655,-44.700803627796546,-34.789155870837405,-39.76308899816619
0.0,0.0,0.0,0.0,0.0,0.0
0.0,0.0,0.0,0.0,0.0,0.0
0.0,0.0,0.0,0.0,0.0,0.0
0.0,0.0,0.0,0.0,0.0,0.0
0.0,0.0,0.0,0.0,0.0,0.0
0.0,0.0,0.0,0.0,0.0,0.0
-37.135828393090414,-41.094011235783604,-29.17895804833946,-17.355257883134506,-18.154768569355667,-19.00464046842302
-7.804833771156017,-3.878541632551221,-14.404536284246394,-11.477066136355933,-5.0190059640331075,-10.48128406246702
2.6580070266682045,0.8123325087525315,1.3142593659979267,-3.4649637901092527,0.3374626484983731,0.12539765602296585
8.366340370516378,6.829330555630879,10.116724939546737,9.264335181739911,6.987611204132804,9.170750797993835
-38.37183503663837,-36.79029763328344,-30.53904401104641,-40.95371059618714,-44.096915328865144,-39.68650619962122
-49.11607936603227,-46.979419734675226,-48.476163457289736,-50.12978598405749,-52.251894840432975,-56.16719872074755
-28.192653626934433,-27.449268823143917,-25.283953129632152,-23.31337565752983,-30.621038018999037,-27.71088504148236
-7.539115461669712,-7.192823951497074,-9.025566578810967,-13.101587224207705,-11.846955012567003,-14.963964185464132
8.655431257058614,4.928625459405315,5.548807687332777,0.7283265676475869,2.46043704220807,-2.3317068373951932
1.3361803898106586,3.7639157850034666,1.464404905795634,0.12122060895218643,0.27542610771231635,3.0289876552048636
-25.724020020028387,-29.269466333363606,-32.72137039942914,-28.423476817592604,-30.22566611094712,-27.701221874917014
-28.517634327951473,-42.62731458872443,-26.805705035941983,-51.76250230073184,-28.574194884919905,-27.16159881360958
-12.913651383265677,-8.02156998167324,-11.813626623546693,-14.630039316387856,-24.19330832107512,-18.3365856071534
-4.723205127725579,-7.734142268495362,-3.727729765844822,-5.928068128483156,-8.332153422046698,-7.551578983928738
2.8404560086114845,-1.432167208826067,2.874332576048971,0.7708045265260163,4.742270456441641,0.0013700745983103882
-1.6989063405554221,-0.9747152648632361,-2.341336282307175,-3.446852463422349,-2.2737952393720264,-1.3513028833456464
-27.88714576961533,-35.503091907291996,-29.118232158959174,-23.648906209583824,-19.063532383944025,-16.996501637792385
-37.469524765720614,-46.33415426033812,-40.21992652049165,-53.42031136043193,-25.09840404863232,-25.891679624978625
-5.867223936564679,-2.8029078616128307,-5.98547258215936,-11.997900378304884,-35.15417042244659,-30.479433064995032
-5.494508318171085,-3.272833918151864,-6.0831310711133595,-12.21389959057132,-22.045996193726587,-21.366994149474763
2.933941493104233,18.640076700797202,6.895213684280247,7.835002007888037,-2.480054472039771,3.8109506846044745
-0.49780848070120215,-7.6917303085213025,-7.11022612869928,-5.625404300193898,-1.5412500307818582,-4.132884811671127
-72.04680069560607,-66.31554879873671,-57.21906323735171,-51.62423369022867,-45.99897434272549,-43.80725046508703
-23.991300987694782,-22.945144710188842,-46.630269281015735,-31.160974760105127,-40.36394255740779,-37.98775610737054
-2.2279454319008,-5.005478595782309,-3.737256531056344,-3.529862850625365,-10.205658055269375,-15.023661070739704
-5.259048118384687,-10.183618855408833,-6.36006301456789,-11.996751518062704,-15.18968896102401,-12.322184520611286
6.1114257482830965,8.636253560547546,17.950299421246434,15.612535934548335,15.289907829986994,16.687135069460346
3.7214209983043625,-9.882595247000955,-19.264149161158194,-13.147800161380097,-18.671757634804344,-16.057650399378804
-100.80341157125947,-85.87675147047025,-47.423093746629554,-59.09567831587627,-65.0627306079061,-63.79463722312121
-19.497856496625705,-30.26731780398944,-36.00319281282039,-40.66148116016166,-34.66633761064048,-39.57021093586669
-3.3521922886653464,-11.76252374072575,-3.530016514102044,-5.438708037748262,1.2054602514010224,0.335412934208506
-3.0345140997277666,-7.752943267904203,-6.874809715960439,-5.1355489463407284,-1.4830235639259495,-0.9475037597888957
8.810474070761607,5.902117648725355,7.298169103793731,6.930517996279503,11.95360875725154,6.103888459210018
-9.503055887839038,-6.780401948366151,-10.877142796055942,-7.300437327768141,-22.40927835812762,-10.670943815307602
-65.4420995199411,-59.51199158107518,-55.00412357257244,-44.968197409949404,-64.36214897702514,-56.49347812558308
-37.98769290562342,-41.707268750148806,-39.89259703977557,-43.25986443587157,-36.11502338943181,-41.22684092033473
-20.970793761500577,-32.9955597885292,-17.39805992064707,-10.768593188935132,-5.129340004946911,-4.173695876058634
-7.991510975029344,-16.697330673030812,-13.59363899771412,-9.536745983837834,-1.5290067915870456,-3.115841408869908
7.701328290075495,2.7414191740829996,4.970457213287711,3.9392206413345128,7.662673003531653,5.356706080945212
-6.410730655618602,-0.03555997972593669,-8.956539182628639,-2.474052285443034,-11.47265774949741,-8.552761127283901
-62.83573427242888,-47.8879148978132,-58.57509913321933,-59.73999104375788,-64.6676016023226,-59.83091904559025
-50.97425271525257,-58.86979865676411,-53.318981909182185,-54.52973447362109,-40.01640912288485,-47.13536910882253
0.0,0.0,0.0,0.0,0.0,0.0
0.0,0.0,0.0,0.0,0.0,0.0
0.0,0.0,0.0,0.0,0.0,0.0
0.0,0.0,0.0,0.0,0.0,0.0
0.0,0.0,0.0,0.0,0.0,0.0
0.0,0.0,0.0,0.0,0.0,0.0
0.0,0.0,0.0,0.0,0.0,0.0
0.0,0.0,0.0,0.0,0.0,0.0
0.0,0.0,0.0,0.0,0.0,0.0
0.0,0.0,0.0,0.0,0.0,0.0
0.0,0.0,0.0,0.0,0.0,0.0
0.0,0.0,0.0,0.0,0.0,0.0
-15.010775827884173,-15.324975198328206,-17.836523926174703,-14.53092049487758,-20.18270377890808,-15.117615156119175
-0.6401268293559493,-5.109493395595432,-6.837038742279772,-10.816804213544206,-8.104039794126619,-8.410815744604989
5.805751165072711,3.1316601067335306,-2.795683555798802,-2.225123680170344,1.327630176846951,-1.6438369116390308
6.323086606769161,6.090915156367161,9.463534713172141,8.76884000167542,9.146734095799701,10.755687806959928
-11.83873954742568,-11.602760988101872,-12.833179951133872,-12.799390741375067,-12.984908265534932,-13.18268916865655
-10.932324070221265,-15.56851033513128,-10.973943208599053,-19.321954398238017,-10.901213197515736,-10.422798579416819
0.0,0.0,0.0,0.0,0.0,0.0
0.0,0.0,0.0,0.0,0.0,0.0
0.0,0.0,0.0,0.0,0.0,0.0
0.0,0.0,0.0,0.0,0.0,0.0
0.0,0.0,0.0,0.0,0.0,0.0
0.0,0.0,0.0,0.0,0.0,0.0
0.0,0.0,0.0,0.0,0.0,0.0
0.0,0.0,0.0,0.0,0.0,0.0
0.0,0.0,0.0,0.0,0.0,0.0
0.0,0.0,0.0,0.0,0.0,0.0
0.0,0.0,0.0,0.0,0.0,0.0
0.0,0.0,0.0,0.0,0.0,0.0
-2.817591597673857,-3.4562396695533013,-1.7790514146585374,-4.399183463835796,-6.2392685614919,-6.748448129576421
-4.2704150368620475,-6.123673974650397,-5.354496110952612,-7.713927398295256,-6.866271692704951,-2.157984240416905
-0.6144597243629646,0.960651077911917,2.3604271377407917,4.515335349135605,3.8950884711127167,5.045233111529446
-0.32458597084727264,1.0829355668588303,-8.32274216157493,-6.5832601197740575,-5.338473492962749,-6.032745395795354
-36.108361153377835,-30.71086600827741,-24.11787643853648,-24.817927730881635,-28.441245151090406,-25.393074132748367
-9.128570953574398,-13.03508448117078,-17.90682451364719,-19.5724001285611,-13.283151162513192,-13.691704599396637
0.0,0.0,0.0,0.0,0.0,0.0
0.0,0.0,0.0,0.0,0.0,0.0
0.0,0.0,0.0,0.0,0.0,0.0
0.0,0.0,0.0,0.0,0.0,0.0
0.0,0.0,0.0,0.0,0.0,0.0
0.0,0.0,0.0,0.0,0.0,0.0
-8.322559602115247,-16.08009079226598,-9.002881776612194,-3.796109978408581,-1.9839824107244877,-2.519339080298841
-4.931623768839086,-6.105252115831804,-4.588684339423405,-5.093258184438256,-0.9620642863465663,-2.0208590425454753
2.2700447052505246,2.684983740210303,5.527656608252284,4.607001458739846,2.3676272614674176,3.0798460349619274
-13.532570738089325,-11.47852337237409,-10.907819847404303,-6.275318096797415,-11.944281185533356,-7.741290576502761
-14.823702104137828,-12.218724807007058,-19.014010053342087,-19.12542321129613,-20.5327069179894,-23.16640372259144
-17.798430165504787,-20.402781690122527,-19.041389631420483,-19.30536128383316,-13.626174063813854,-16.050402879484942
0.0,0.0,0.0,0.0,0.0,0.0
0.0,0.0,0.0,0.0,0.0,0.0
0.0,0.0,0.0,0.0,0.0,0.0
0.0,0.0,0.0,0.0,0.0,0.0
0.0,0.0,0.0,0.0,0.0,0.0
0.0,0.0,0.0,0.0,0.0,0.0
-31.803327053656798,-33.14925942688248,-31.81119393289293,-34.553261417462444,-32.439866857721874,-28.796974460822018
-0.4868945816690246,-6.705797040510501,-14.549135464009996,-12.036334589622156,-6.658113252275697,-7.102933227658992
11.448732817664768,9.749887938924383,8.21235951185559,6.30439764717084,9.748477968319802,6.87500028412307
-12.191227831484534,-7.41319210144534,-11.586557348757903,-3.458221179146786,-10.015210152999574,-10.346435819420707
-42.09447020056986,-36.84131461565992,-42.072506887955775,-37.08778258653641,-44.955707189206485,-34.19328187559964
-57.31450227971147,-56.62501236544864,-65.14168456602478,-57.380992604217035,-54.8146976968677,-60.174022258623296
-19.983572835262276,-15.708880921231383,-19.377579719257927,-24.208773425964274,-30.86548931532242,-23.280006064378586
1.8494025342984588,-11.411396492103174,-15.454736066459674,-10.85505632399025,-6.904926853024283,-15.282710434449038
5.505607045326854,10.835538355465001,6.328192004703073,5.188506996321182,9.552248457665186,5.70483792457255
-1.5585407998153142,0.6293249762550659,-3.3175723415722325,-1.0154240331289381,-4.06216501108832,-1.4587583971743308
-25.90624006944639,-30.37594834615521,-20.228379716529233,-28.770100505951497,-27.24669100844251,-17.38363483253357
-24.293318649034013,-39.83181729241059,-25.36671664870858,-37.268319344378945,-26.630493192267178,-27.51692870537827
-13.095168666248059,-9.659962039364578,-8.348125450542023,-14.298908768387276,-31.455775852252163,-18.236288581115637
-4.8364232889621315,-9.855569453106227,-12.367793101900059,-11.639448495397165,-16.052695289192982,-8.178646424860231
4.7269358760658235,0.382374460103956,0.9442716363072485,0.07171600151447342,2.334793676842019,2.804125330128264
2.173161706028242,1.8088100963754021,4.507331424142352,2.637027336528774,5.9999824455841315,5.140145250992655
-37.801369377933604,-40.33007217089677,-34.13030232642387,-29.332260929928427,-38.2610673854076,-40.25435301110117
-43.285490059762125,-47.74926746725267,-51.33090277936021,-58.95584538531207,-48.73007462354111,-41.353696037323054
-7.115196853647567,-4.014832674076406,-10.34242885227098,-14.428048053245954,-34.88800730484978,-18.03194501982851
-5.480044768714619,-0.5603111087987898,-10.9917458337359,-13.980810429735378,-2.1290438668639613,-10.4446664623753
-1.5509090351422965,13.217099388177166,2.793151365050865,12.111194671704522,-1.6212564144872792,4.098050328355891
1.4040254419253049,-11.916212120507682,-8.219542983472465,-13.635280022182808,-2.8747086369915573,-9.427892444768743
-40.70343029837183,-38.60537644113982,-41.26058783820568,-39.733107669639175,-43.52937636311081,-40.661656077453294
-42.0337944834116,-39.9277889428181,-41.1919218332024,-40.38097084473174,-38.33595828587805,-37.94388015145018
-3.5428819402485585,-4.3969817979370545,-6.634211504399676,-3.161763329678437,-10.615254498680908,-5.633540045075604
-1.2832854219136751,0.1950591129137749,-3.336790960919226,-0.39293250209485725,-2.5054002187711633,-0.004744394112576041
15.974284510994048,14.864612079788676,15.077250946165227,17.11858842231745,16.795637854227618,14.109139422860638
-14.37016658514299,-11.759287351357067,-18.35308053137363,-35.69806602264246,-20.048461780456357,-24.214530029307383
-35.77362066548669,-36.11189588769289,-44.33573250547054,-38.293660738279264,-42.620600345884355,-35.424098133154764
-30.344824962265836,-33.0252163901575,-33.39427917752709,-42.78900107631024,-28.947664252248867,-29.595950475873984
-5.389510030049017,-10.46863519361448,-7.012817116100612,-2.653229905976122,-1.879536369910913,0.020469633066550377
0.8950095124672938,-4.142383266183586,-3.4176641422814895,0.9414434332148951,-1.2489036519541346,2.1473927735958296
15.367814852063045,4.619894647621943,5.827027975286938,5.891802040893247,15.42907681563547,13.75731832771395
-7.641966024672673,-0.7422174341472273,-8.389317675134851,-3.7771238513555137,-19.63761580766522,-15.966625343365116
-49.74510357534707,-40.887214960158815,-39.855833652543346,-38.58963538027918,-51.26343025193621,-47.51387996535525
-31.87273792035838,-37.28360595608157,-37.27207422466287,-41.46352212353894,-33.472879960228866,-34.34227620836409
-11.401029017965216,-18.973068667405155,-14.665661648858137,-13.584580729801132,-4.606299738522375,-7.019398395827776
4.43902667584307,-2.2122304714038794,-8.069675587226675,-6.449173079942372,-4.538635864404081,-1.8642973612089409
4.219003424192667,1.2054106262952233,0.649773742295733,1.8543119970177793,5.86771356632747,8.3182820058254
-1.617169499055281,3.456289697550965,-4.424342405358376,0.006420719518178146,-9.22618260880473,-6.93685707641029
-42.808135598062876,-31.443284096874553,-43.7330486610973,-31.787403470618344,-45.08133476046132,-41.53465124351497
-31.587060573599906,-35.634079186063694,-26.63496807075055,-33.56776135414908,-27.45489957224359,-27.91032028910127
0.0,0.0,0.0,0.0,0.0,0.0
0.0,0.0,0.0,0.0,0.0,0.0
0.0,0.0,0.0,0.0,0.0,0.0
0.0,0.0,0.0,0.0,0.0,0.0
0.0,0.0,0.0,0.0,0.0,0.0
0.0,0.0,0.0,0.0,0.0,0.0
-34.4173050811616,-41.139408556262,-33.12912103728579,-30.438234584727457,-31.98840150637594,-26.92178594055852
-10.02141775450793,-16.85741893196321,-11.341169551600943,-20.443408602020018,-3.398041426129648,-15.04754143689494
7.7897517237715235,3.194099994650592,4.23023594801648,3.3681707779072263,9.408429450055014,2.0393363017391914
1.9936720224434916,4.430321753570845,5.049007358644797,6.0128704392912145,4.164872306926501,0.3600576020397339
-38.73713065051742,-45.06592218218708,-36.5187291400426,-45.44739949430133,-37.571206938645254,-30.456434496208036
-51.40303367873592,-48.26203408947205,-54.714251922886234,-46.64048473324487,-46.54040376207581,-50.400750303964834
-31.097467801655288,-25.014533311824714,-26.994914506268874,-27.13293614943091,-35.747977049021465,-31.995356600246527
-7.635253627616031,-15.193229799397615,-20.585624046606412,-19.604449870421423,-6.139793451516188,-22.15022860711891
6.617805297062738,9.085473733072819,9.792251802580244,3.8716155900685436,12.6272688786003,7.509069055879651
-5.484515432103715,-1.148603101290932,-4.49284267941047,1.1842000908279497,-6.000383855330273,-1.0110383259086857
-42.76649210053295,-51.30770179119384,-30.719276617695147,-51.9352404233858,-44.03939051027814,-31.5293178700171
-35.80997407344669,-57.67738591330434,-35.62932225162268,-54.156439335939275,-37.492048372193615,-39.34745885544369
-16.766260288444332,-6.752875808118534,-14.919698993758255,-13.209972082296428,-19.103098145476235,-19.819926445731227
-7.582874186674678,-6.374066854863902,-15.453855516899072,-10.940413197628642,-8.566874280661827,-9.748585833258467
6.879729731575438,2.331475652934192,7.043077718617202,3.775642699039138,9.09963877097799,6.8182875302401555
-3.513576215027333,-4.1792110367555315,-5.328480506705007,-0.24735245773313744,-3.0406847612308034,-4.215900610895184
-46.039937595367775,-56.37682624200385,-51.36176226652914,-36.58457214930792,-51.19326638571496,-48.5133549915451
-45.0232865811554,-51.202415203471226,-55.27210508113297,-59.249669809148344,-52.72023688809293,-47.359899541248474
-4.259461604638377,-1.4880132153896979,-8.718524919499705,-11.705305575685077,-19.31722302820462,-22.301362143558087
-4.133024935443642,-1.653560613474084,-11.784021678695384,-6.73487093466454,-0.316798237012934,-9.929937304241259
-0.46173792821723486,19.854133381694023,6.748954670020947,14.88036566381607,1.605386523263533,7.7000741858614745
-2.4253088232724025,-16.473000814822857,-8.909229305156178,-14.829760269501811,-1.0155807422581211,-4.325097446055672
-52.96704894555514,-35.45349835534274,-35.68851165053655,-35.174684482064684,-44.79754598363628,-40.95432112004155
-46.92567950506979,-41.371151465293835,-41.20822223979889,-43.40342179586535,-42.12723303729134,-42.930969727326875
-0.6896020408793316,-4.669615503687988,-4.002546231037608,-1.7387736229538642,-8.471604724660901,-11.113306607072301
1.8815399725107038,-2.390172284320982,-4.633947396586566,-2.6973569628071647,-6.4028857388482905,-6.24177628121583
22.35137306100513,24.287627815053803,19.58761442237521,25.727703644168216,23.74359735842321,18.429901339920026
-20.734748659148877,-17.2679676318167,-31.26710156676498,-43.75261184977664,-20.304515446825892,-21.71389739331747
-29.127079203283653,-37.508781527826436,-40.20624461327984,-40.36820227327316,-38.72279471705445,-34.669016551644106
-40.27927073753484,-42.02108490739952,-39.17730840793414,-46.510093492272695,-39.07474380918135,-40.01597371253873
-4.56713492915836,-14.38635573512712,-4.918626830879627,-5.071909419143396,-3.378581875377518,-2.8442159490646546
-0.8360101168541331,-3.943890465970331,0.3424916143771209,-0.17133675388559166,0.5664828082077356,3.4657966862914864
20.81980424846462,8.008314756813563,10.58572294667724,11.537013206555272,16.965120864371308,15.899033993540415
-14.454121159606482,-6.996640360711905,-17.285314360148483,-11.214349107011666,-17.543942587651294,-16.552589386484417
-37.105515457102044,-33.329643686699974,-36.22842208999909,-37.717987058431326,-40.815244387927684,-32.95972680968251
-29.509282474798425,-33.7923539457084,-30.85352438722013,-40.47490319253219,-32.21391198925345,-31.272622004155167
-22.784437157931038,-29.465877457758765,-22.588422452615134,-17.587291162899394,-12.203198756969355,-8.419651799183503
-4.673528561592051,-5.607724700031778,-8.297353715863906,-12.557707405678263,-5.823868076613092,-1.4884336589505094
7.907231494283912,6.0851603491360775,5.972299494198929,8.934452244242165,9.102497971604992,12.5502743240541
-10.291575483323436,-3.4136794448427215,-9.32328245243298,-10.924296439344861,-16.25070071241681,-13.243629839031358
-47.29271095555348,-42.211005859542254,-49.28084570992345,-47.9201165458256,-47.45667955229356,-47.8330309053384
-40.812125202449586,-46.014403392174614,-33.13957480070354,-43.27684434995953,-32.87687519834735,-34.64159136702879
0.0,0.0,0.0,0.0,0.0,0.0
0.0,0.0,0.0,0.0,0.0,0.0
0.0,0.0,0.0,0.0,0.0,0.0
0.0,0.0,0.0,0.0,0.0,0.0
0.0,0.0,0.0,0.0,0.0,0.0
0.0,0.0,0.0,0.0,0.0,0.0
-31.149451054043674,-26.992216038007932,-26.79505561743475,-18.249510566985027,-24.195036279308358,-22.959100184077975
-21.377969428794543,-16.17640345400208,-9.967292013765219,-10.874596803875932,-6.166510151388991,-13.969513763904875
-0.6438459798086891,1.470720157270124,0.20625246702934008,4.858931385292786,1.0798233372214103,-0.5116341132670417
-4.828510645295507,-6.224033479365604,-5.932805189131391,-6.577678513248461,-5.5866762121075135,-8.026586009839065
-25.01275605419109,-30.095601711985005,-27.683037721679696,-38.63086654538154,-31.472185214464076,-28.9080290873506
-45.68750990271215,-41.24049158214725,-50.35103516769795,-40.382648271047955,-44.71781403989273,-46.603309443277396
-23.901901904115608,-18.353351936394706,-24.351294071060124,-22.290966851295405,-31.508035264900418,-23.239762392423803
-5.63061213088969,-11.221765577102392,-12.713339342420404,-12.045251682826407,-16.424393390623205,-15.446096559689641
0.4448413753819414,0.6072931746492186,2.638422320777388,1.0770459613591854,0.9840086602701713,0.4087332750545998
0.22667477291234311,0.8810644913604291,1.7174532596627547,1.143118501040678,2.2773422778276724,1.7058150383314885
-24.229965312677354,-33.14667144229968,-21.832622545447713,-35.767690739759324,-26.776326983597382,-27.87703583784188
-26.394450443171152,-46.97474201330018,-26.664403482267183,-44.962412597073126,-27.96562426363617,-28.0796061230751
-6.970648550685686,-6.39120418262302,-10.669464638768448,-10.692115855302745,-19.869206329234128,-14.564933970402766
-3.051969665081398,-3.220290682569363,-5.03596376089765,-4.189154819036884,-15.07332413091017,-8.915502739378171
3.566393037801135,-1.1168549843379916,-1.498195600587763,-0.052468461676146466,5.572838684757281,-1.4319472181742563
3.9934621586792014,3.312370192903675,3.8429763257677476,2.7747789777519354,6.0747720071938796,7.513015628831814
-35.35010819858685,-41.94262652557595,-39.11546519211765,-31.361714142415877,-37.93890873551662,-40.5769509244192
-41.458366491945455,-49.173198120997775,-46.41230155111821,-56.25413852672674,-45.63800189402968,-39.4175484024135
-4.13241957436122,0.33076261698548864,-3.99680284994726,-10.367654873416155,-27.91247292961883,-28.858840167029616
-3.5166457417597634,-1.6884906836710982,-4.380032234053312,-8.278193512553042,-22.522518318522774,-21.189250947617
1.2406134684938088,15.836117585078814,6.593011397893191,8.773423458459659,4.448659357648619,8.379259664417644
-1.7044505739068185,-16.577416663613757,-9.127537112543113,-16.623191051984755,-2.682127374773212,-6.199663853924281
-63.10428064882123,-47.48319479938757,-46.94947648725381,-43.465977738907625,-52.36626451777418,-53.52719540884322
-46.83682529817258,-36.0496334830217,-47.75488522365662,-39.95160090459775,-47.76227206720139,-47.63718312529147
-0.13592779659753262,-1.3810303080544535,-1.7172480590831907,-5.378341082304343,-14.116021061620787,-20.208487958634002
0.5581677014077894,-4.32000686966635,-4.466319609711504,-2.6223479741129623,-18.076352023076236,-18.115048330152288
19.69297556939897,16.15947419115557,13.826590154696587,19.669581013719835,15.02704824841349,13.929584668009277
-17.066031961935714,-17.54804533311799,-24.579306724483832,-29.671990996947812,-19.903361703992612,-21.836121456238352
-48.90889072149206,-49.48078388529116,-38.72949859908538,-34.84366559786031,-41.671673702208075,-44.84888189649001
-28.83178955895686,-33.460556359908836,-29.98910069563689,-37.59834762418895,-32.34926165645434,-37.89706946529475
-13.215219993051456,-18.267949847623825,-5.019776917774337,-8.35343994949645,-5.322149051749138,-3.6534883821673185
-13.949073509984416,-21.45403016872934,-4.940377089285036,-10.235610496091962,-0.38294776305459244,-0.026721770307483378
15.25498093936374,0.9403039157071559,2.5094110294684167,4.5936899428109825,15.392868443636644,11.386612730379667
-4.252068546839231,4.973050707740769,-2.7414373547231823,-1.3701368043013233,-5.968257081934123,-12.019389973478958
-49.00690283999574,-42.11299141482829,-46.352240058633896,-38.05690072313177,-40.07006936342618,-45.91144681146468
-37.16332150519651,-38.622758783331726,-36.146076097501926,-40.8316249241469,-37.41264883508887,-35.43586688352223
-29.870140518730643,-20.63085956639476,-25.287491109079923,-17.46897996344236,-9.473163256887188,-7.473309321906324
-30.882232193780332,-20.46459752997437,-19.367296902524004,-16.778425149739096,-6.082356946651683,-3.6419588322093723
1.3118938493205494,2.7257637287252323,2.2374439127750656,5.759392299260074,9.979000358047234,8.17385695473832
-0.0879241179333389,2.7437813267078663,-1.6500598089294656,-4.179431542272899,-3.322329357577564,-7.810606224088437
-45.48613996786797,-42.065150706239315,-40.47835852330442,-48.17008652847417,-38.45093538276264,-44.354205540097965
-41.55309469598611,-48.374017331370574,-35.0086262757713,-45.97794308571484,-34.82418022280635,-34.24535119137526
0.0,0.0,0.0,0.0,0.0,0.0
0.0,0.0,0.0,0.0,0.0,0.0
0.0,0.0,0.0,0.0,0.0,0.0
0.0,0.0,0.0,0.0,0.0,0.0
0.0,0.0,0.0,0.0,0.0,0.0
0.0,0.0,0.0,0.0,0.0,0.0
-29.49539677045442,-24.050984153967764,-23.03663695097428,-19.111926364788278,-18.16657233764666,-18.087716628747422
-11.63706031686599,-4.5411522791843755,-8.192187089008515,-8.987405401969687,-8.150232981046672,-6.219076971738033
0.8093918373429471,3.494656496538191,-2.0308460649673066,-0.733293090924512,-0.1988669421820825,-0.7362056434462907
4.510885360297299,7.332812948371757,10.574227578692055,4.732451502272319,6.906844500901858,5.703671227004872
-29.22271064546805,-36.37724113545842,-36.3425156739533,-48.7348221280123,-41.38787086353586,-42.32443135634511
-49.81503178773794,-47.620909727606865,-57.33854457735519,-47.70696691829974,-50.271975522211925,-53.8749582941825
-22.228604948434445,-21.356725823709375,-17.88912003170373,-23.407932610214893,-29.924498191653885,-28.945240126311024
-7.527444884453293,-4.536127996361136,-7.448746327923105,-11.838810032979675,-18.793687112029605,-12.772040812129589
1.920457828545336,4.798660528050441,1.4906352266798326,3.859557115203927,2.0456247101062996,-0.22819518687259382
3.1451399877795274,2.1285283919641547,1.443906847134698,-1.188214924299045,3.2249346627295554,2.4650787109934136
-21.395758208546205,-31.83838804594429,-22.23070913377174,-37.16505445739656,-25.94972320374285,-28.312319191548088
-25.367399448748053,-46.3580353586406,-25.595887303052834,-42.85277861860754,-28.461889467217954,-27.54338041303418
-8.82839168407513,-7.075712168562752,-7.353397458623429,-11.157526443029248,-25.769779591456377,-15.892114533675748
-2.0582011108139917,-2.2374786532324147,-1.9351959040271562,-2.470538576272691,-15.859885556381935,-6.422712622111868
3.5987875417273085,1.2293023375593375,2.3682346363424496,0.952460956984951,5.804943565669653,1.3851026393286443
-1.0803935842132075,-1.6776903344153642,-2.324363753002238,-2.0997732289538895,-1.8190025227815025,-3.3937052823798655
-27.593605125040465,-29.831976251371007,-28.72223822039017,-26.585885974747747,-28.16682131025121,-29.727991624297687
-39.789571730749074,-47.55130203684597,-43.62767434384829,-56.00013338837332,-43.13613978174453,-34.613635717348195
-4.850619013642502,-1.811139654253963,-6.482912241664194,-10.742370049039579,-38.484134008221545,-29.172672449147733
-3.644012993185658,0.16717176219524638,-7.83659059537713,-19.095235198349975,-20.959242266826397,-16.399464575674127
-2.205075175766078,7.949011818183247,3.9437709406126364,7.852856001748344,1.5658143073724142,5.4575064307764265
6.195552796525224,-8.050643942760995,-6.441751149363261,-9.279652267260769,-4.3112366509668405,-8.843725617687577
-43.331575577449904,-48.11317213197615,-48.75532477322704,-42.15491707587358,-49.47745926708157,-46.216953013138394
-40.85228176312016,-34.27454409740408,-46.35231389754531,-35.036675586394814,-43.68345799180919,-41.12614620072364
-2.259687926635905,-3.3461040347295583,-3.6769561483838866,-4.624666205525267,-19.706584823871193,-22.030613880505953
-4.153246836538892,-1.6663499022941388,-10.468445980235868,-1.3222638385047167,-14.205886650553396,-12.867240688141239
15.214051915734188,11.634823626689432,11.445869364976426,18.097592427551483,10.225979345672705,12.107538579909635
-9.982754294385334,-14.169694822387816,-20.503491307316274,-29.1863486573632,-24.32528265160098,-27.722498051336434
-75.23295806223223,-67.97224896123774,-59.45809647242373,-48.94985917542646,-60.65114104625663,-58.779733256237094
-29.484645645985267,-36.79300983383092,-35.18534787111824,-47.3512205849526,-34.33038345761325,-38.50414265840686
-10.978839596595224,-18.80141002555663,-9.984544688803407,-9.049083859969738,-5.139767914225447,-0.615680913671192
-8.708673285825206,-16.616602781753038,-9.397610054559095,-3.859135236646826,-1.855625906169337,1.0659199261470504
16.76673589838796,6.972803111469777,6.825816143858385,5.436764749109687,16.389408527529845,13.595760275391937
-13.732782445030939,-6.629571687132152,-11.856679774435996,-2.5274747905897406,-15.185186929120743,-22.48562196659232
-62.68157822994496,-50.639308348306095,-54.49492328395696,-43.2272447092105,-57.60079221552362,-63.57592473190081
-39.10047801942002,-42.90222945096803,-42.65882973074064,-41.30581558719186,-38.9344292882849,-39.645988418998904
-28.986780723902193,-29.515076344596633,-27.384683450782596,-18.719165437185588,-5.274996226615186,-7.574190154654799
-15.282608235023238,-11.370959304140063,-16.032583006733176,-8.254880126720982,-7.057910132229516,-0.9293893159846531
9.581200540868235,3.8652560096553783,4.448722755081259,2.1163396800058796,11.775367021926181,10.22443759586313
-4.309708752742489,-0.8123793952443137,-6.287675496104961,0.45755170887990415,-9.418143215895753,-8.90668978786802
-65.48049845525854,-51.315795203841354,-61.82022080963099,-53.990062620590976,-67.54354260674056,-66.71902447298935
-50.245770796441015,-58.30171737415652,-45.0924957596324,-53.94349790241238,-43.03166163412235,-42.85846157615416
0.0,0.0,0.0,0.0,0.0,0.0
0.0,0.0,0.0,0.0,0.0,0.0
0.0,0.0,0.0,0.0,0.0,0.0
0.0,0.0,0.0,0.0,0.0,0.0
0.0,0.0,0.0,0.0,0.0,0.0
0.0,0.0,0.0,0.0,0.0,0.0
0.0,0.0,0.0,0.0,0.0,0.0
0.0,0.0,0.0,0.0,0.0,0.0
0.0,0.0,0.0,0.0,0.0,0.0
0.0,0.0,0.0,0.0,0.0,0.0
0.0,0.0,0.0,0.0,0.0,0.0
0.0,0.0,0.0,0.0,0.0,0.0
-12.264788305591077,-10.120022660927638,-11.41908630668006,-16.382259021041342,-18.463769019793613,-19.127382441733992
-3.356502106071061,-3.179629087086391,-7.27377485913198,-11.631363449485939,-10.956528948668685,-9.698991648507398
-0.33256405382123955,1.7904483459395826,-2.1833006838817965,-3.170651781747093,-0.5586582825176,-2.5591882912932387
7.135114700841592,6.843674158584704,9.691493467805442,8.67082206590138,9.438595921615182,9.955525314581296
-9.643021232061363,-13.738526952275873,-8.838632071257296,-17.371881681801657,-12.027684968196121,-14.079904335070044
-9.856066698413496,-16.83487124325059,-10.108179670082293,-15.765716041915566,-11.270045601617781,-10.705874378732842
0.0,0.0,0.0,0.0,0.0,0.0
0.0,0.0,0.0,0.0,0.0,0.0
0.0,0.0,0.0,0.0,0.0,0.0
0.0,0.0,0.0,0.0,0.0,0.0
0.0,0.0,0.0,0.0,0.0,0.0
0.0,0.0,0.0,0.0,0.0,0.0
0.0,0.0,0.0,0.0,0.0,0.0
0.0,0.0,0.0,0.0,0.0,0.0
0.0,0.0,0.0,0.0,0.0,0.0
0.0,0.0,0.0,0.0,0.0,0.0
0.0,0.0,0.0,0.0,0.0,0.0
0.0,0.0,0.0,0.0,0.0,0.0
-1.5477473631971546,-3.260305546818687,-3.688773403778029,-4.371075719694656,-7.5181871894882235,-5.9936007921303736
-4.6901609019547,-2.4640724938758147,-7.6686800583120425,-2.2597165763541014,-3.811270088498173,-3.1970798924400587
3.061732510542312,4.3693339278678796,4.144159512723984,4.748253238879694,4.600799229927558,3.116219203203445
-3.267969254875845,-1.9043522154833565,-5.804464517953998,-13.415712508531293,-9.0655060094404,-10.244655173758812
-28.4618230752483,-27.24615225117371,-28.72216454543548,-30.941937993948418,-26.570442937629135,-25.123029021350984
-13.654844233040572,-16.035153228835696,-17.93332266437328,-26.782846201870452,-13.884767408944704,-14.42744581567455
0.0,0.0,0.0,0.0,0.0,0.0
0.0,0.0,0.0,0.0,0.0,0.0
0.0,0.0,0.0,0.0,0.0,0.0
0.0,0.0,0.0,0.0,0.0,0.0
0.0,0.0,0.0,0.0,0.0,0.0
0.0,0.0,0.0,0.0,0.0,0.0
-7.720316054151406,-13.83496491096111,-11.576407563363517,-8.39495343250691,-2.329089228539028,-4.427636250798949
-3.2490133045520073,-6.523059115760476,-4.544233335173847,-3.334645127434315,-3.0807244306144748,0.4552562229434942
5.244978307828675,6.282445475662361,4.751716923665703,8.279616639439803,4.8785109021639785,4.8964132405237395
-11.122046304246664,-10.962797942820885,-10.18440319662689,-7.046346683943104,-11.248579213302706,-10.472871302404377
-21.47340198267233,-10.972586317534269,-24.016982142275964,-8.79786314377339,-27.72553266817374,-22.36351864582903
-18.502920775686363,-20.699214879537497,-16.829492113730044,-19.27820194312011,-15.729776150016153,-16.108188688586306
0.0,0.0,0.0,0.0,0.0,0.0
0.0,0.0,0.0,0.0,0.0,0.0
0.0,0.0,0.0,0.0,0.0,0.0
0.0,0.0,0.0,0.0,0.0,0.0
0.0,0.0,0.0,0.0,0.0,0.0
0.0,0.0,0.0,0.0,0.0,0.0
-21.158468456027492,-25.622546181518853,-24.697400548009192,-16.83393254780731,-27.172296666598182,-36.57668970537806
-5.097063392988667,-11.001257347532402,-16.04475756917785,-19.892583033272807,-6.9812965098248965,-2.5746450335079
13.01474502136418,1.5104484917229546,5.788843686149138,7.229029240642384,3.709510485028564,7.872046290015109
-2.6057094002991605,-4.532555678434857,-5.4319354200363,-3.863008582124525,-4.700713474007902,-7.14865396904495
-23.75150649309986,-19.93059830820286,-28.402447553658195,-17.017775980434294,-27.86480823444841,-19.566815535373316
-37.16728196009062,-31.542622896090023,-42.053219369883934,-34.75466008416523,-36.88400942797664,-42.92057329409503
-20.568371854243317,-29.685261029472002,-28.412439435578836,-36.13088997874533,-27.94745079788265,-34.2046871535986
-7.284448274054127,-14.07177745856934,-14.409499134168394,-14.592628813975558,-22.964915404347188,-14.168430283864092
4.315006330127496,7.947235853343161,-2.6749840488816354,11.338619284417337,6.305373013226973,7.5202221790163835
-3.653678379880738,-2.6141283077979485,-0.3491834143871368,1.2461958735795833,-6.6435889428926815,-0.10786252632117198
-8.230051784595041,-11.833632785687866,-29.072100442639755,-7.024567142080382,-8.673347392038917,-8.309502061705965
-13.508801238316849,-19.830107950869447,-13.509151468961404,-26.609728521280417,-12.008897412074061,-12.444312943686175
-36.02303372341788,-28.49521677377161,-35.573018304166986,-28.36030161547971,-22.870063638500543,-30.626207829961295
-4.327791240382025,-1.9421492063517918,-19.938903588281864,-15.131137566924064,-11.987861142759474,-14.574963169422984
3.9589241112318705,3.240766980897121,7.354029731987029,4.694882133800443,11.881224021608395,6.588684798414212
-4.9770454256819106,-10.546646077637508,-0.45212564461353194,-2.8523647631080675,-3.9494853295256105,0.6018496952039881
-21.239721308091386,-30.882906113122537,-21.66441948421266,-16.46445694877387,-8.578668450241185,-17.73724742489692
-22.334314052386343,-37.74504861666207,-24.357729212466115,-39.36384609312721,-15.36444247760029,-18.747819894759395
-29.551233082622897,-28.67566169319051,-23.81079189940134,-18.863160388486598,-23.13674065100468,-26.04575020366572
3.9803593544318914,-0.23595204825138008,-7.516391459853795,-17.056968646772518,-11.243178926330287,-5.049279662219364
3.749526978840059,14.059874626945733,7.3377448671288255,7.668148956533386,0.9203802425447927,4.201358135672862
-5.023152707779189,-7.998655044402549,-2.547430138827924,-9.517361305785865,-4.796610059075595,-2.3598862710594646
-56.318822665065255,-53.233264490777344,-46.58692740666485,-48.090298543780015,-33.33323352799509,-43.5984422848474
-34.222250995007464,-36.72649437911384,-33.34402166550788,-40.07646661133681,-37.58310787420249,-36.37152438642837
-32.40266389395738,-43.016421041686435,-190.46422600663067,-24.54325497424461,-27.67449517466921,-16.226352596832502
-13.140702339464758,-19.821976367937502,-20.03633017467744,-10.877073793150796,0.08418658990488427,3.5165707303682003
5.910731519930372,1.45898882471669,6.124139014895182,1.3431842290323472,3.582510666354309,6.082859593089063
-7.6968219872131645,-5.540738299008517,-4.058362271830982,0.5752004317316275,-3.4001448176270967,-9.671295941981281
-47.97125902145126,-42.00811467679731,-36.79923553383273,-38.78225757193516,-51.935994419925485,-49.976039469768416
-32.02403288420649,-32.01311512136723,-37.44245413413362,-34.72355710813794,-32.31647990703064,-28.766041310257954
-27.055557491325892,-37.348777790241556,-37.66131676560268,-24.266145042146185,-16.15842229041377,-24.582920420833204
-0.7810544972446695,5.984917196630405,-8.569786467308116,-10.267626241328374,-9.342625801564846,-2.21788566837393
6.192719804864206,4.82675038560717,4.7078421279471945,3.8744587590423136,6.470299386531617,8.304741803827085
-9.304674530951852,-1.8793250872972858,-5.77482100257809,-5.120328619992395,-8.847018955547599,-8.134525511982202
-45.23298476710722,-36.32913141102788,-46.4988888005854,-42.84109608092495,-52.37684867156065,-46.15805710343936
-36.62021100020857,-32.65053606052541,-37.48415639931916,-33.846574000071506,-35.89785935748933,-36.73715440742637
-21.54943023105669,-33.8915241588799,-29.433195853869787,-17.36615527537396,-8.837633867393029,-14.109021540220342
-9.619884848225293,-4.053189584876216,-13.633495355853336,-5.42461233746211,-7.943986315127732,-5.206891211670185
8.770873911968636,3.1364326808758833,2.2195786118483376,1.496414263206389,3.5613309670662865,3.8468214505176666
-7.122924593188177,-0.003815840224295466,-5.289190035265877,5.2071236262808975,-10.366217667456718,-6.589499743731179
-27.407738696566778,-22.188443744248094,-37.176704719174786,-22.37646713399469,-30.955485153529107,-26.92681564285699
-26.44640009473485,-28.736684059306317,-26.27395592191725,-24.171181071492185,-19.2931265190253,-23.943521781271603
0.0,0.0,0.0,0.0,0.0,0.0
0.0,0.0,0.0,0.0,0.0,0.0
0.0,0.0,0.0,0.0,0.0,0.0
0.0,0.0,0.0,0.0,0.0,0.0
0.0,0.0,0.0,0.0,0.0,0.0
0.0,0.0,0.0,0.0,0.0,0.0
-13.93362925615687,-25.88711437136148,-30.03353338392659,-38.13160482837243,-30.926228256531576,-32.25028096014273
-12.015198622558906,-6.555059069068532,-7.074086880975379,-5.628634206230873,-4.9605196388239285,-3.5681153003961943
23.534031530892477,8.376408707046954,0.9677040957206693,6.30618861249291,4.344445953882707,4.021033070288263
-1.9109801455112603,-7.86036820507199,-4.352517604196384,-7.219591760381701,-3.8774790714546796,-3.4561291649552026
-33.92214643000536,-30.276736212767958,-46.87093920329184,-31.919341880426067,-30.20329127571315,-22.458157485525746
-32.250727566456455,-28.302164839914358,-35.62151986388768,-29.25222581116919,-32.22280832058123,-39.64153478570816
-14.592571383719186,-24.822298750129285,-27.32737227037404,-29.066198270228053,-24.806555507328998,-37.24471265062099
-3.839081013247349,-13.906807484001986,-28.22436275766234,-5.461704717748894,-3.8832180171266186,-0.8152725473993206
5.406039149246007,9.040860486628347,9.889520788245541,4.1474684264006445,2.7159354804770257,10.110108736326653
-4.8071466777385865,-5.032681714039314,-3.829527023064486,-3.672949950801975,-8.369063363202342,-2.1253064434924065
-24.303898511085205,-27.45740798268458,-37.16428830070347,-24.036268670102082,-22.57492359890879,-16.133827180960573
-19.832482329453946,-28.160781502512293,-18.40249283969845,-38.31184943830353,-18.76860857292772,-18.2788223145898
-32.84374855100457,-30.30209934247982,-35.539567605235476,-30.261782720439925,-30.951606215230992,-29.977518930456547
-12.546703951934422,-6.2992727347569835,-14.198326537006452,-4.628665907051374,-13.519734612981074,-3.168256354694093
5.975740560293553,4.700534228109586,11.49682363802396,2.5662514204870734,8.568507207799799,6.575912501573352
-4.4088544177050295,-12.100084831454,-1.835535823471685,-1.2272267343678414,-5.724760895647596,-2.1920973134907693
-28.0388212308586,-41.42097069744942,-47.45375059439016,-28.73218296788428,-16.57196751187488,-11.413940891401998
-23.434845148630647,-37.64773482476123,-28.27787813821183,-38.66239979202134,-16.469537241716424,-19.054583841407688
-21.853061813398714,-34.51067244467861,-41.02694305499472,-32.970198350969646,-32.10756516374751,-26.08095806869411
1.4818057588508693,-11.557207353822852,-20.93958710224311,-5.90646291490381,-3.6255114763483434,0.042533581163654605
0.47627143679632566,24.390699382355464,2.050056223950356,7.075675467829864,3.843665907374228,0.19266091037151803
-3.849793255109301,-19.401795369880265,-6.9084474602049,-15.668717551714181,-4.586142494136898,-1.5753218433518383
-46.04285461021812,-43.484161462247194,-38.70063823174518,-39.797537160961454,-27.371113582649777,-35.89702865714357
-36.018537712989676,-38.14274889672085,-31.804110925273694,-40.57811737348253,-38.27235933779923,-38.13411838074848
-28.291699857642644,-8.653758985647114,6.776933445608626,-38.304708982865066,-36.20413875608901,-36.96305145565081
-20.03901955128376,-14.13919109602833,-10.098020611583316,-13.106004352684161,-6.013909105735765,-0.7890909355164661
11.805428261016319,8.83225563414872,10.097227005697718,6.957572817047838,3.2289632765099916,10.418145547233577
-13.682081785029856,-13.517122825909514,-18.80305397343402,-11.777958423807208,-3.1404361352325583,-15.375240720393961
-45.24293725251665,-48.51970677871973,-44.163601474661895,-41.972643308895215,-45.77927067309365,-47.45941947363664
-44.14921228942721,-44.39249703376427,-48.39128967469011,-43.21665565887103,-43.799911905304796,-39.90522306422808
-35.65546157113666,-31.21408427350119,-32.54882910181727,-30.35009473630731,-29.06713585589751,-24.36386415948286
-8.77690156050869,-3.2099956644823204,-14.189964553296624,-14.82839653224264,-4.727023416741192,-4.6820544509261985
8.261815881197235,4.36000093418657,13.746871927419157,2.982928321775346,5.488996185938249,8.75401331285752
-8.475078610721333,-6.696291864003276,-11.85526456709012,-3.664562671151978,-2.712237919189599,-7.257309487553665
-36.211920945821014,-34.2431495006096,-38.108359453896284,-43.34554420262963,-40.167346275152795,-45.98929047766477
-34.762717475443814,-32.605400440965894,-35.25577055552366,-33.77008605943204,-35.1852601826633,-34.14441773750494
-33.670236262222076,-24.433789520225655,-32.66212525817781,-37.98639712987165,-28.52497711819122,-24.85349931374702
-7.429490344604823,-7.810968766152614,-15.890917246364562,-10.839890721268164,-2.089269424222149,-2.2137642200227634
14.59925471470137,2.768432873295623,3.7894034874492912,4.115869050518795,4.840210972365017,5.789740790993623
-12.320578036626076,-1.5014492844095524,-4.810828596582565,-3.4948748632378575,-16.776514225563083,-6.339252761094937
-31.706209353610777,-28.607240007043842,-36.23104157204761,-36.264619932094725,-41.56539915925226,-37.56185700393334
-38.04086561885278,-40.09207383995539,-35.84733205151204,-33.852318514004004,-28.59685562755916,-34.27807975044346
0.0,0.0,0.0,0.0,0.0,0.0
0.0,0.0,0.0,0.0,0.0,0.0
0.0,0.0,0.0,0.0,0.0,0.0
0.0,0.0,0.0,0.0,0.0,0.0
0.0,0.0,0.0,0.0,0.0,0.0
0.0,0.0,0.0,0.0,0.0,0.0
-7.010236316349058,-19.063670490077694,-34.50092477763595,-11.464161406227527,-20.911025573154554,-34.940651806451996
-17.128831371979157,-9.505028667390656,-12.747646082233052,-21.720503997068203,-10.313998456081388,-30.43006885734727
13.858403471810577,3.3973061930529056,6.104512617470538,6.31202818181129,4.753727467037441,3.861543542564874
-4.544525502954346,-6.722234694735789,-0.7348195498903841,-0.49965805654852335,-7.366328767185581,-3.860003321570582
-21.034184593935933,-17.36725174448958,-21.144256908295766,-21.325486093579993,-22.69608121092568,-17.312682519602433
-29.716090369233523,-25.336461182443564,-32.137086464112905,-26.62848144808965,-32.035020142639354,-37.8294120608305
-10.607612775540483,-14.731652626499866,-33.24143366268664,-6.905595360855261,-24.761709446485337,-33.91111011503198
-16.71458338290454,-15.191498833125165,-16.183137251863844,-22.043815365035336,-3.332689993976928,-13.879305164496307
0.5463722139127416,9.777977575601481,7.074690667971522,0.9745064635788061,10.87064350634096,9.650731673577107
-2.09514731204903,-0.02225187023513288,1.0915512434093504,1.5616274178329752,-1.3877088820344226,1.6681201093381406
-21.17165958505243,-16.669735590439302,-17.402847424500337,-18.14732621793508,-18.071352072368466,-15.168859722397785
-16.31443143690372,-23.45598803886326,-12.739314189025945,-32.09470225610955,-14.109696416144276,-13.086498624868307
-17.82491546251331,-12.175883105488984,-27.231307998053683,-16.724134016868653,-21.23467351192325,-39.73001611927801
-16.461286175645878,-23.00471053968692,-26.02776525470608,-13.80591177150035,-11.043232359934759,-22.63782515892483
4.646797396881456,4.843174506143556,0.5006846915664742,2.5382718380705582,15.011924916803455,3.6249682646593238
-0.14450953355029234,-6.827638251703647,0.7057716134074726,-0.7161565801467706,-0.7702709240364826,2.041561728158294
-31.220196451039264,-26.851057196757786,-30.85466317548763,-20.354418006693102,-18.76329264954513,-12.544566204749488
-24.101125270166737,-36.75437324029771,-22.926939424472316,-38.781601136169364,-13.750288995460991,-17.18686255606031
-22.965450677758753,-13.489881651869405,-39.44769519117492,-24.12756724888961,-26.313628593763582,-36.48159988534843
-11.73334333658341,-11.738920142986531,-22.864119504517195,-28.28527875208748,-11.57608943799688,-29.219558607171777
1.4578058561385174,9.529470306563299,1.9798647306248274,6.156952037773917,9.38323343790579,7.075421923623289
-6.717530154750927,-15.03219120779355,-6.910619313277266,-9.713200751335307,-6.2563743006201955,-4.7502716200236055
-60.24920888991865,-52.989021605400325,-53.56309490234195,-44.827547814976946,-32.56867058049941,-33.488448562191486
-38.06588718220572,-35.81968644306528,-34.258397958348695,-38.04107199337001,-39.17909154773287,-38.69449385234069
-2.008119361418338,10.029166096940033,-25.10354753386557,-6.104221661322685,-19.613964352553158,-28.728298411265815
2.0684064373553044,-1.3407120466792335,-12.961685537297457,0.8192856610248171,-12.296029967023207,-8.053722489636606
7.333722324808821,5.728894558143975,5.040641941927881,2.3986157907542016,3.206072705857763,5.313842778717756
-13.948211553523317,-7.680890698020567,-17.410172556414594,-10.376245814426662,-11.323128731321601,-12.749982431805925
-63.51458454689634,-45.00138701120027,-62.94513951153576,-46.09495536497727,-41.418863955063664,-36.568178706165725
-35.345755369389316,-37.78314847895177,-40.71056792408406,-32.35846522140646,-38.59995842868108,-37.174574196397934
-35.72155168240205,-31.168355478981766,-24.029324563429924,-12.408130562479062,-22.69763056344254,-16.25003988462348
-25.08225313308268,-26.29781380803108,-16.801431939157126,-8.2658300054533,-1.5931381928135233,0.065622803082305
3.8478656533134497,4.115238097450586,9.87695077088978,5.340732613301163,4.611444637404419,4.22796728754346
-8.027130850268783,-5.850592351335282,-11.497410551213108,-10.787902992707183,-7.207499933388814,-5.673901486329528
-62.55262686191271,-51.96956431751969,-37.500713067870834,-49.643842637347326,-48.081185751914084,-43.706485553439606
-35.69637378005919,-36.08291367524294,-36.119542381372106,-34.92722343041215,-38.43005921425166,-37.11278873059552
-22.881258223226975,-12.15444025461444,-38.18237141677336,-13.278384689056402,-12.312092766953452,-31.235667488409558
-21.707468217205548,-9.48130861530299,-28.736125592167337,-6.376528262302136,-5.611384178673366,-16.712820469894943
10.069101137145053,4.291207339152462,3.1622363356110315,4.081454171140521,3.0689635359780736,4.349696020749411
-9.224258428234542,-4.4820132307921074,-3.4056184388765023,-6.2407353673748975,-8.011317666598583,-5.048476972026088
-41.267370836319785,-31.410021642337156,-37.44198578358889,-32.53819408673712,-49.586797746918194,-30.03105895413466
-41.124342472711845,-43.2536263522896,-38.05068212796149,-37.01178185264774,-31.31876100772699,-37.4209200711128
0.0,0.0,0.0,0.0,0.0,0.0
0.0,0.0,0.0,0.0,0.0,0.0
0.0,0.0,0.0,0.0,0.0,0.0
0.0,0.0,0.0,0.0,0.0,0.0
0.0,0.0,0.0,0.0,0.0,0.0
0.0,0.0,0.0,0.0,0.0,0.0
-24.88214246195648,-12.904759034611237,-35.50126029865159,-7.268151391489499,-26.854766132259112,-18.059559841600542
-11.787350129779275,-11.613023118829704,-28.47039484182213,-27.699624966685125,-10.889777896011319,-27.524831919071207
12.842472528350457,11.600534969464285,8.799474480232702,2.786213668418934,3.5660400089239377,1.2440014910291464
-0.8022052936140605,3.2365575224408865,-3.261099152168181,-0.3365268234279247,-2.4286416730038645,-0.612730803406472
-29.42906247478763,-20.835286817000522,-18.23056125470408,-25.134913276996347,-34.74020997683822,-31.420636665035982
-33.45761636410258,-27.76807425298215,-36.348792937820235,-29.691913163049907,-35.47357278806446,-40.5084190269355
-12.090067354176762,-36.093114493993426,-36.976199702517896,-13.49049900721818,-33.641685372407245,-30.30963433177205
-17.629516523463458,-13.76223333451798,-32.00330599933317,-27.57546800623082,-16.66773872357027,-32.90437142297946
8.8432441298355,11.164828159131336,5.6153658182717585,0.5930001460682872,2.9451174253622283,1.010056661164012
-1.5209841538356907,-1.843986407919755,2.956987382382061,-1.3852914971617578,-2.540455961669692,-1.9098103290580608
-13.46387614869757,-12.313142246931037,-17.341482312395765,-13.29513258738117,-17.508982269381757,-18.602305493111526
-15.967278149211523,-23.058549612205056,-12.521923792220273,-32.41529780726095,-13.884071815237654,-13.401221145948893
-25.28047564545629,-29.164320177310504,-31.159345113444342,-19.448762662203144,-22.238259461009136,-27.93348107837494
-13.393444641679501,-9.704627342147766,-16.81682642310636,-19.76098667188527,-19.363375898574574,-22.413374724340663
5.841114184951182,4.159860452259056,1.4721556900774326,1.905281689925382,13.01406570551492,4.612183643836226
-2.7432615519747396,-8.056756032511519,-0.4127733799587624,-1.718316295365557,-0.5194718973819008,-0.4379621220393021
-16.741641976790593,-22.982575231388225,-15.738629604294342,-14.709560431582666,-10.958131692315694,-11.12394432897381
-21.697805067819736,-37.661485580085596,-20.903184259899472,-39.72680053282573,-12.68787876334847,-17.20499034194145
-10.139578690933321,-25.086730715471496,-35.86016534980476,-4.286748961258719,-24.74753393130157,-21.833059561425106
-10.964379768721258,-1.3474995367513252,-18.25905851718288,-25.309567107807748,-23.895910796820054,-23.65158891122839
4.961859882018483,0.5795522748838075,2.4330400805533507,4.865481236984233,17.68633434117719,6.914753345022908
-5.470974821966312,-5.791006073491478,-1.307592317680428,-7.116474064737387,-2.274208670239764,-4.5153437917146615
-52.63904396652901,-67.94662793299358,-46.65660301929426,-50.11629204062085,-38.74110202049837,-36.394573430817644
-34.888125980207015,-33.033226317579036,-35.6715198288402,-36.782506005073394,-38.63770880815224,-37.341621572376326
-23.30691988513421,-8.797974990870317,-31.302951340194912,4.551846568318559,-34.055207213073324,-10.30568022535361
-20.432064518380212,-10.044720784528579,-35.62143492814756,3.2986421058015876,-12.135095259819417,-3.795511614861028
5.170992293472306,6.722610974669595,4.4999600805446756,4.377149188508821,2.7400272231257348,2.1483046512890636
-3.1337272353078163,-5.253674019525902,-2.7306053518288955,-6.4589392727976085,-9.766990078944925,-5.965323858563538
-84.70554393181733,-66.01972954192475,-50.283325102368856,-44.56256387503784,-59.67999310255134,-58.47096705014687
-34.351764430281314,-38.48830065903138,-45.389403824190076,-37.41391785207928,-41.77113020107197,-40.39438517004945
-37.925026957529354,-34.780332265256106,-33.759366100870196,-10.248523014782336,-9.76616971225234,0.8036669572162798
-18.610826412735662,-18.387089712393717,-21.554167647265864,-9.932585565417655,-4.175794451881565,-4.332557665291159
6.981716634601188,5.677279965762537,3.938526782621242,4.685234120741083,2.68309347784657,2.5635532957729423
-3.244004493004356,-5.408951814606976,-12.083837358576893,-8.35892450804336,-3.8829496164024735,-6.226239364382272
-61.53670716990506,-50.44060004411788,-46.87416816200998,-45.561783232346656,-62.792507804043204,-53.151813985820205
-38.50196853678602,-37.16024433968462,-39.89652496952138,-35.8955350280273,-39.306343112895505,-40.558236449104584
-37.3065488391022,-12.80056918581531,-42.90611287994907,-8.868198884008818,-19.320712250513278,-27.498069714917825
-26.71806528052199,-7.2722376620562255,-22.98034978792647,-11.731790046106717,-14.377760986818279,-16.82848425603314
11.829660117344218,3.690005333018983,4.614479573597764,3.0503451850010292,3.0643533951182897,3.6554088778877554
-11.377094200758702,-3.4329636974836912,-8.587878015809306,-2.43446316338053,-5.420179644388725,-5.334421492489864
-50.61426528967092,-26.35619591271247,-49.56399611330917,-38.189257363497155,-57.8954654686324,-46.23322986634643
-45.316002862870356,-48.13470394031591,-42.728679769982,-41.90024448061407,-32.85306871062134,-39.67606293875918
0.0,0.0,0.0,0.0,0.0,0.0
0.0,0.0,0.0,0.0,0.0,0.0
0.0,0.0,0.0,0.0,0.0,0.0
0.0,0.0,0.0,0.0,0.0,0.0
0.0,0.0,0.0,0.0,0.0,0.0
0.0,0.0,0.0,0.0,0.0,0.0
0.0,0.0,0.0,0.0,0.0,0.0
0.0,0.0,0.0,0.0,0.0,0.0
0.0,0.0,0.0,0.0,0.0,0.0
0.0,0.0,0.0,0.0,0.0,0.0
0.0,0.0,0.0,0.0,0.0,0.0
0.0,0.0,0.0,0.0,0.0,0.0
-35.385100598421005,-26.374772604434945,-31.39300134335017,-28.1557196499553,-24.506657771397872,-26.39854870378762
-15.951052215165312,-8.946681233420378,-13.321670952735152,-16.088574708200053,0.5799023910012786,-8.590705096771144
1.3235927478464207,3.414379711306686,-1.799411228718094,0.3810582373914255,3.4610967210934986,0.1263761250094201
3.694702726562222,2.41296031304394,1.2065113390793942,2.8132182421174354,3.186316863749111,4.7943386223440125
-7.517581552719785,-3.2511578224256663,-7.898011974042032,-4.951087200620471,-8.709859657973508,-12.195036267685184
-6.005687791107801,-8.230926702949246,-5.072683808432092,-11.854555186022493,-5.16779491015513,-5.129716543749942
0.0,0.0,0.0,0.0,0.0,0.0
0.0,0.0,0.0,0.0,0.0,0.0
0.0,0.0,0.0,0.0,0.0,0.0
0.0,0.0,0.0,0.0,0.0,0.0
0.0,0.0,0.0,0.0,0.0,0.0
0.0,0.0,0.0,0.0,0.0,0.0
0.0,0.0,0.0,0.0,0.0,0.0
0.0,0.0,0.0,0.0,0.0,0.0
0.0,0.0,0.0,0.0,0.0,0.0
0.0,0.0,0.0,0.0,0.0,0.0
0.0,0.0,0.0,0.0,0.0,0.0
0.0,0.0,0.0,0.0,0.0,0.0
-32.42522410691485,-31.724469382983322,12.245389994025883,-12.464931046369989,-23.601196855580316,-18.405873881573864
-11.764624953134204,-8.510152632346076,-12.473322980037157,-7.717430926387429,-16.296910293322828,-2.620244621335594
7.678572049396647,0.5267994228266469,2.295764766733232,1.075820791846121,3.601049416210152,0.8890362476484398
-9.6510907691857,1.2060344120576776,-6.647615013295509,-2.5104299171648274,-3.4036553589971548,-0.7645928278944286
-30.778529470983674,-26.011933446579963,-25.38619824770628,-22.54535240815861,-29.581301950144095,-25.318658205411786
-14.22389466602007,-15.391165263867428,-18.91535412447561,-17.289746471086755,-15.964905741322532,-14.633642643997863
0.0,0.0,0.0,0.0,0.0,0.0
0.0,0.0,0.0,0.0,0.0,0.0
0.0,0.0,0.0,0.0,0.0,0.0
0.0,0.0,0.0,0.0,0.0,0.0
0.0,0.0,0.0,0.0,0.0,0.0
0.0,0.0,0.0,0.0,0.0,0.0
-31.099710429556687,-31.758275725098162,-31.736459027133712,-11.485973542337584,-13.505184903746912,-9.175744614379369
-1.6465117028255134,-7.373523573600377,-10.988530042143386,-4.224154087549113,-3.6456713622740504,-5.746363935995245
-1.285043612801779,1.8169201691402714,3.3704620458290964,4.0577184419465775,3.1485020635106578,2.872454054783613
-3.1889306505037864,0.21524248477444852,-2.4479909576173173,0.44789029623389304,-2.051520874600681,-3.7157777776701653
-6.587591956003297,-4.768959877816254,-13.566303502979748,-8.539088421982582,-17.088416386336192,-15.714229777450893
-15.34776079669541,-16.347659353647547,-15.194412910179661,-14.252557719375883,-10.676620056831585,-12.813972714285404
0.0,0.0,0.0,0.0,0.0,0.0
0.0,0.0,0.0,0.0,0.0,0.0
0.0,0.0,0.0,0.0,0.0,0.0
0.0,0.0,0.0,0.0,0.0,0.0
0.0,0.0,0.0,0.0,0.0,0.0
0.0,0.0,0.0,0.0,0.0,0.0
-20.55326413455968,-22.71982081835952,-26.31489805801276,-30.94261149037554,-28.249287862665035,-26.89517666727754
-7.729993314792171,-18.810903617479283,-18.203799296802007,-16.403568559584627,-6.369823846493115,1.558254857737395
5.226025993755981,6.695186797518328,4.8118423727881545,4.563544540685665,4.149208583562099,5.317263092281443
-5.0677102032761505,-7.874979578482235,-3.5745868335168156,-2.0213642072442632,-4.204011699399122,-8.931805393531105
-21.505280421244997,-11.276646512289004,-19.26359142905935,-2.090006248778386,-26.381025426252293,-15.167883389944118
-37.85244052018018,-37.75398772420038,-47.06695602423536,-34.960254839894915,-43.924998522401715,-46.844145232070936
-20.160161318301586,-27.43817571561411,-34.11190481004589,-26.990097538679585,-35.024262810240366,-30.729786090835688
-6.277334766416628,-15.56194799216294,-14.769282712981747,-11.58792809520298,-16.88116573111107,-10.469231323845476
8.194782611439912,7.154291403416626,1.8902724305006204,5.20232985378854,7.657731703546931,7.7179103118751495
-5.819804531411089,-3.5466796013748123,-0.4631781316551813,-1.8766264730288515,-4.163487668633082,-4.371807973250249
-4.423360210268619,-7.445185277075586,-6.617647838895376,-6.760412420136462,-12.944049690597947,-4.4473741879067745
-11.908808376986777,-22.449351187366357,-12.159383832333715,-20.937550895061776,-13.067984259929283,-13.995167794852284
-21.137671720569763,-33.530745022839454,-31.30496025661268,-17.584051382998553,-27.425205093314887,-29.09945370453519
-5.884092093868215,-3.322058339101638,-16.109424375147245,-9.038248579292807,-6.424890273403195,-13.38974215569956
4.670488913820855,3.4818295288058363,1.763402240306524,3.5577019404226573,9.254765447951593,7.997328316478883
-4.816394901941846,-3.9309524914306073,0.7532261114191691,-1.3841257857817222,-1.095965202129829,-0.923537554840959
-20.949660467512675,-16.18815268490884,-20.78123797803799,-19.71436768646787,-18.799199609899084,-24.588483660222224
-23.010680069273636,-30.16043587110547,-25.947079504630548,-37.81145062180343,-25.147590437233372,-19.032173383534786
-31.672341767052835,-25.789669303080778,-14.131202476859945,-18.85603800506012,-14.8139769414224,-16.566281286674617
2.618110139937638,-0.2788219646756585,-13.482578456195695,-21.571027319918496,-11.46930347148751,-12.10445557025744
2.7084300473605176,3.622926991545285,3.460795705490142,3.0522007013542725,5.1987561917560745,5.321567615630325
-0.37006413349079476,-5.515823696427248,-4.905622474321502,-5.48998641691265,-2.6873088225510107,-5.425074967567792
-34.013973367623294,-40.65380883244024,-38.08423088230591,-39.621013264194005,-33.5637987597874,-42.24734540488069
-32.573398411621156,-41.30082333665928,-33.746757873815895,-38.85086548870593,-32.93876802071152,-32.42826468200364
-32.93906338845007,-30.34381865962205,-18.25020808707745,-34.70692270033638,-25.85794859750159,-22.176494640393653
-18.223282592566427,-8.571794861969689,-11.04416640383664,-7.964245120713477,-4.785796524643954,-1.0057599558510317
3.8469332116108657,2.229222099454131,2.1582462614367928,5.473701251430358,7.712387640879862,3.0878825010070643
-7.063120420108328,-6.920558620172367,-3.0398306696927357,-13.714781992257858,-3.7396364141033147,-5.985007535893218
-42.107300100246405,-35.18789635409805,-39.45330092208768,-32.1869103105278,-46.69818933414677,-45.32679595266774
-34.40606978726395,-34.96651810766045,-37.37966842145269,-38.98898782766132,-33.47827112993256,-32.619997522867905
-33.14408890831778,-37.467083824418,-34.71341304310066,-25.30015441832291,-12.933936635748202,-10.38883297744894
-12.42299917722355,-5.7458351621573795,-9.97499324771978,-10.666251644398928,-3.009765968058935,-2.487759360238425
12.414884147254167,5.093044597635881,7.910693085638328,6.541067637323944,5.735574540361951,7.615695003603318
-8.216718137618589,-6.420743258344412,-3.0807240426889617,-11.711829482752325,-8.283461360596258,-10.38152209261875
-41.681379446231944,-44.64310321582055,-42.498807308637325,-38.71571359295613,-42.0980847004639,-43.993562329518696
-37.148176962034064,-36.918870539261725,-40.54273951945259,-37.883755386238185,-36.050465137608676,-38.3104512743452
-32.596441486284405,-30.75562537922845,-32.792500445390985,-8.666047327906018,-2.0523341734857263,-21.80265601619061
9.412002960545953,-11.597689020125735,-19.34370320022565,-10.600169464691716,-1.7468985926445826,-5.674385208524599
4.893958311685821,3.891340832852466,5.947312622834757,2.7885933263762714,6.094582061158001,7.495392601845372
-9.387870016790673,-2.182537723387663,-6.547896365332815,-10.269191497405842,-8.269462188740642,-7.919430313871828
-28.4074923781845,-19.821124185433394,-31.097556917180544,-28.864009693061732,-36.826203945633964,-32.04686072149118
-24.710115615623298,-27.85346250038089,-26.419964747766972,-25.225354619011704,-26.415609476002302,-27.271182179919165
0.0,0.0,0.0,0.0,0.0,0.0
0.0,0.0,0.0,0.0,0.0,0.0
0.0,0.0,0.0,0.0,0.0,0.0
0.0,0.0,0.0,0.0,0.0,0.0
0.0,0.0,0.0,0.0,0.0,0.0
0.0,0.0,0.0,0.0,0.0,0.0
-16.07935915760203,-32.868739662370395,-34.27707519276587,-37.377182319965435,-39.824365576741556,-34.73580542946333
-10.924433257017425,-5.496364873514704,-21.398500007625696,-6.759599273682008,-13.40382988097612,-8.273160117067395
8.076354118811746,6.6630332004930555,4.598521928920374,9.746155153380363,4.01096140715036,7.067817185412097
-6.689125948781821,-5.276000350924152,-5.938046338761429,-6.025939436012573,-6.609893478074499,-9.009730204954037
-30.668637369622115,-35.64845719267325,-29.96033210092121,-33.0454114173505,-28.930238254733986,-20.370802226581752
-35.62245194910021,-31.86283585120316,-41.063399835506935,-26.85274510188726,-40.037298169438344,-40.63866939494271
-17.166976404090388,-33.477961265301715,-29.99841203082686,-21.309256430323575,-20.33866348284531,-37.673845959236424
-6.186599123187251,-9.43360248776351,-16.529885450532973,-4.369979312920395,-0.9849698629683282,0.5216506964520138
2.1497365062889413,6.736374849495089,7.495998923319588,5.175438379229618,11.37141429637304,10.725220318417083
-5.695262507632927,-3.1125377574924613,-0.20085933088825425,-3.7380431478101808,-5.864088669412819,-4.771960644254449
-24.622938158766402,-25.802359983262384,-19.68120216012695,-20.268159232028076,-19.58609449686209,-10.531850560080628
-18.54506745248335,-32.84737022323493,-17.457252980233058,-30.38180119829609,-18.605144377448216,-21.24561792552087
-28.96833222212693,-21.93272065199674,-38.46127663221732,-28.391699947958564,-24.83938515222576,-37.93129436543555
-7.157195762433088,-8.359361295808116,-13.726184020792912,-7.806974957687045,-6.427721231361072,-3.3297153125023264
5.045487072730711,3.4813292846829147,5.3338504139952585,1.6565913119911257,0.5564275351467869,8.031016022129709
-5.60066421629769,-1.8877549110610952,-2.2369164397459036,-2.4591377302129884,-2.2571669591504397,-5.612699171609781
-28.995660441132493,-32.47551566100969,-31.874601562912172,-34.766832886806164,-28.47130449237664,-17.879291041780043
-23.10008954573078,-31.434353375877915,-26.85007798837558,-37.01384773014584,-27.337516760863373,-23.12389310017777
-28.402509973459342,-28.994372237335458,-31.038443669540406,-36.36420167703031,-21.07646515831206,-33.6607725009902
-2.0840986429734416,-7.832083584486027,-9.870789164517333,-13.999502771638591,-0.6816627594645329,4.622961455371154
2.3661537910689283,9.621847363840516,3.1403437208205807,6.889038778924494,1.35952811196452,3.1073092129472895
0.11229869579612,-13.244297450084337,-2.167280416423756,-7.9053012652782435,0.34953171656499293,-2.523146007239762
-34.81139636139545,-37.975494206443116,-34.688753873292356,-38.070336616053154,-27.55754768815533,-31.00215897988318
-33.8072120751138,-40.48843696823145,-32.055840098052826,-39.326702340758764,-33.90030947886073,-34.80153530012845
-27.33125496115149,-32.115421587672024,-29.29643827096243,-37.51034012562465,-33.60158492312798,-37.24632078671865
-17.235313470294923,-15.895558548436862,-14.351732508601193,-10.399174078909555,-4.980549297263529,-4.152885500273119
7.731498156360119,8.865046291579398,6.429087486975605,7.008108659598447,10.534440334311865,5.567215719062236
-9.570831273468297,-16.19510534730085,-15.299255765576849,-11.037436979801782,-17.95061350076896,-15.638113343277888
-43.01310240272,-46.59959878180749,-44.84724456071286,-45.11516536924173,-43.74402679163431,-44.279301813814286
-45.4317590919548,-45.32869536036718,-46.45068460646269,-43.88069024706077,-45.09580488736977,-44.0546041464985
-34.36564503269818,-32.636006896761565,-38.89285411535751,-30.09017247653298,-20.77152963775538,-42.618337375042
-10.865450070932932,-14.259387467937092,-18.789351010769924,-16.071488515952957,0.7789352472884973,-9.125579355130835
21.162362962584393,3.764975990814888,7.134152114430296,6.748303172264477,11.209179132824366,7.054834467582875
-14.331584252196386,-6.295019863209178,-5.916090783007737,-8.064102400430015,-3.4594327959188007,-5.560178992691091
-40.47514000835201,-39.32025821144507,-38.96749767743806,-43.15996139112462,-42.77839021891634,-38.88039759496926
-36.178081392308364,-35.07404737949567,-37.22575551011155,-37.87709599579641,-36.6653525987408,-36.92842258268297
-29.022234064880823,-34.44831519042791,-33.032241073253516,-36.51079126882199,-36.745039583340265,-31.813266111775878
-13.176290371960649,-6.7097877199198095,-23.077268142200616,-8.726568743112562,-3.00702219359939,-2.818196001664478
10.224899605725843,5.519932366123636,10.392200972487823,7.241998830944398,10.056067399697767,12.654584132143441
-14.230492378805607,-7.298142419630186,-10.344691673669075,-17.019899236581768,-14.932188519275694,-12.15714762684745
-35.16632391845484,-29.9382353967129,-40.82738823464792,-37.98532669552982,-49.952621718948336,-46.74155919781054
-34.751086603215064,-38.59194292471704,-36.737842345818954,-34.80372475474424,-36.632275016428345,-38.53310890601074
0.0,0.0,0.0,0.0,0.0,0.0
0.0,0.0,0.0,0.0,0.0,0.0
0.0,0.0,0.0,0.0,0.0,0.0
0.0,0.0,0.0,0.0,0.0,0.0
0.0,0.0,0.0,0.0,0.0,0.0
0.0,0.0,0.0,0.0,0.0,0.0
-8.274339395521874,-19.49207264809724,-29.208991130077216,-11.10427805830379,-32.02659880788337,-35.493389687130474
-35.181521688928555,-25.989259624017308,-23.48581353960255,-29.365089259325845,-13.513414456604623,-18.08362699360886
12.37043733511129,4.157933429275365,5.912318389851862,1.7883691363492962,5.812774288092135,2.544500019853614
-3.9523185094991575,-2.258354352085091,-2.1082146453979234,-1.751670959116159,-6.897104231900175,-4.724275611145078
-16.769695126762517,-19.348646501242484,-17.066377393856776,-25.027564501992266,-21.88760776223889,-20.156373627245287
-32.92408127501604,-27.768847445779052,-38.012175974329615,-22.524461232765802,-39.2488584782752,-38.66197071870457
-14.093948993756085,-30.350653274534583,-32.900838715445104,-12.36114055684632,-18.025987598384457,-26.59982537081279
-7.8209784728225396,-12.222604645434814,-16.9660683981271,-22.980919968467507,-8.46491768128641,-16.157246456372516
5.398374331990361,2.4148846771484482,10.58316840843549,3.8416942471157576,18.289336583420564,6.0586191803690665
-2.6011163913981443,0.12635012522222588,0.9757580584763194,0.13046205239826458,-0.5381374215189618,0.3857007617522471
-13.544649339004087,-17.851089024963123,-12.24073592656215,-20.604735344554307,-16.45186870045057,-23.31394296970805
-14.307302791122591,-27.915092004188857,-13.217346138642263,-24.799142724597214,-14.157845002319746,-15.248847335991172
-13.007940310644273,-22.051273564926763,-27.19935966224469,-17.30997996242372,-15.871435592807819,-26.71916360785248
-9.852685856915555,-19.758006884199023,-31.06645640498129,-19.603366448293635,-16.491212567354726,-22.983474590259547
4.5636539651378225,1.4254034759211769,4.155933145072019,0.4324939465733271,16.53788364884063,5.282484160517059
-3.322047114081127,0.8986473324489808,0.4559027814878576,0.4218519491068497,1.3546756702830691,1.6169149670862681
-20.032495710600273,-22.71832519664538,-22.45542350924599,-22.062026657197467,-24.339958696505636,-27.005340090060884
-21.659321928720676,-30.309199586621826,-22.86296978317336,-35.52107742101104,-23.91206333359724,-20.052717238413802
-4.741054671490553,-14.822984905916524,-23.211927554186417,-22.36534858101226,-19.72499082243284,-25.536340823326782
-10.33424277432876,-3.872533206157236,-29.84572085353296,-17.063141459911268,-8.768835594957794,-23.661620855731318
3.378564760954478,1.724107596211929,4.713476243785969,5.200691992232248,5.517024864821614,7.469087814630898
-5.787287162347847,-8.852793571966847,-3.8882107949003606,-6.878326066729077,-1.6729599133191164,-4.615974922925678
-51.35534737762371,-46.34825271207895,-42.896702652865024,-48.45331208349829,-37.89173954414527,-40.71440674746487
-33.65768403461049,-37.47489161169014,-35.84569026641124,-36.249772630507735,-36.03626799625486,-37.19172787243884
-2.1443461926212164,2.3170610320711686,-6.396755159869226,-5.730812741827184,-14.368069984842682,-30.336751781954334
-13.633159744714415,-9.116440332689669,-2.389613184148489,9.810180517915589,-4.564139228536821,1.175499527667777
4.3151506119523235,5.679992318845834,4.946472549082774,5.800354177636361,3.195753918664817,3.87448157343346
-11.269480938401948,-11.548118425811813,-12.259796414404112,-15.122273621044604,-16.35694391601481,-15.631423362427817
-48.99431916843395,-48.12285842169171,-39.741939760995265,-35.76747465003935,-49.305198390999074,-37.45346075844536
-34.81318977882744,-35.95592908304682,-37.17822237986502,-29.745866198686546,-37.12635995792081,-38.97446735227729
-12.174182836373932,-12.431065497111717,-27.16822879327814,-12.108953878173628,-19.474967119976505,-18.395817361203402
-23.92229955199838,-17.72053606849485,-18.808074191547092,-1.2170122065056737,-6.854428051983472,-3.9815610765053506
13.000344286735542,3.2115354817083728,2.580631818621081,2.802152705180166,5.937105560441829,5.424568760662682
-12.692046524998933,-6.234144227644403,-12.808762042170681,-7.9975903473749845,-6.125207670779449,-8.05063945854756
-56.34369923120784,-49.80817469115043,-42.40984940060037,-45.615235036664714,-40.815847759526996,-39.597736392649374
-42.155849068455005,-39.188515555671124,-37.904884010401354,-37.469615867187514,-39.88156169048695,-38.71652812992014
-14.91707947355553,-6.430761932736118,-31.41863488109053,-8.970246318454802,-22.465892878851726,-34.28043608070949
-20.408068858138126,-16.139575808156987,-24.22201910752225,-27.645935802486626,-13.197712977210934,-23.046770871922757
9.59913839624972,4.779884363949173,8.31947259554855,5.23019727443175,4.75706725740582,7.438141191895439
-10.446690064709104,-5.2920730997663155,-13.943488304137452,-6.979957686513398,-11.992019070763467,-13.605372988941815
-39.85008121372578,-31.576454992667337,-41.80787756843887,-39.4112249300345,-46.49611657186852,-46.585407029650085
-35.642919575940034,-40.01655196232947,-38.22379330502354,-36.44840283625311,-39.29604581931016,-38.579370022833594
0.0,0.0,0.0,0.0,0.0,0.0
0.0,0.0,0.0,0.0,0.0,0.0
0.0,0.0,0.0,0.0,0.0,0.0
0.0,0.0,0.0,0.0,0.0,0.0
0.0,0.0,0.0,0.0,0.0,0.0
0.0,0.0,0.0,0.0,0.0,0.0
-22.583029499320386,-23.850798567965356,-24.32678221142418,-7.792345702121678,-13.66352290604789,-21.21281016728123
-11.87521548321831,-8.213903923081881,-22.855540077543413,-13.085625327152512,-10.664352594148566,-19.552562209485885
10.06963208274448,4.766981327087801,3.519930831733691,3.0636001796817527,3.8358810858248806,6.0224169587323475
-1.9914667818236238,-1.7648935153896679,0.6733753250882878,-0.6239952595692477,-2.370328144962574,-2.005307892594744
-27.911601603441845,-20.92398884568454,-19.448571240678188,-38.10402938933494,-35.16296700508522,-41.83622130988419
-34.89695390581491,-31.66633199456968,-41.48635176194954,-27.16830808446599,-42.193112391579746,-42.8861378124802
-18.94232674086418,-23.907252375335077,-24.16186065319519,-2.865742174671188,-18.122254458543225,-20.238881789596284
-20.80120122427471,-11.584330276894457,-28.27120591833538,-14.948019933378403,-15.324428913300881,-30.51884105206549
7.030821460903079,5.709049972368799,4.603398361537266,6.666279388833498,12.896409344922189,3.8294342203777285
-2.9833242511311298,-4.532178241020859,-1.3503266988759852,0.5838987481871414,-3.7181833752689837,-2.3863166198660943
-12.174419606455064,-13.447468602296157,-9.952567283145697,-20.499253311494822,-15.57834397322848,-21.335291149931585
-13.677360865104632,-27.34920098214928,-12.686374136079476,-23.68151815167475,-14.195415612775435,-13.777520847559105
-26.732989631220004,-15.412009544759611,-14.454765735340583,-6.451364450933465,-26.58446066012655,-21.490057988578783
-15.448357027441194,-9.285154159706329,-18.568805384778226,-13.507131035905674,-16.4295823815008,-21.922639800568206
3.3683000306348188,6.42240413516941,1.8491431730490788,2.1860358027678854,15.668956723946307,4.005750929045898
-2.283759033759963,-0.8011648212444009,-0.18097359140999536,0.6695646058631237,-1.2913527352671303,0.8528019744011324
-14.712026465505621,-15.705060562047958,-14.61372654217159,-14.768338036283916,-14.681813845176473,-16.377806626658952
-21.26848667761648,-29.852062055244826,-21.9063792211395,-36.53676388017314,-22.826411820773224,-16.143332834796094
-27.90866401606521,-12.167565836109608,-25.06487962371157,-2.6252982000895493,-0.2819828303121366,-12.404202484063903
-0.006261891919157683,-6.564879077114342,-25.247803097326695,-12.030965461701904,-13.046438095343637,-13.44264994766205
2.5058262059947527,2.2642881442206266,1.3183178793985677,7.318501395368392,7.165664154351363,5.555870703510559
-0.6680418606986084,-4.026559118113823,-3.242457312195062,-1.6694772895738395,-5.751475635096164,-8.509634417357983
-30.133978836574975,-47.23052323529839,-39.4718259583571,-43.94306243607998,-40.86979262472528,-38.924596806798256
-31.70647292444378,-38.46940984639203,-36.545124789188854,-35.09460798009695,-35.1729220467784,-34.53332640097022
-24.27917518164087,-3.1418061305844445,-0.8842638653677568,9.679304393738146,-8.534658247463828,-5.2828010832610675
-5.8840450136331945,-4.63262264251073,-5.610856054663102,5.443927699172606,-3.6746543982261444,8.414194570060614
4.53298551603769,3.675972765427162,6.232578809181559,0.5523238405650791,5.988350019620662,3.6228144474049597
-8.222019887482425,-4.015462798062296,-8.813230785216515,-16.974619972278184,-12.817504222298691,-18.962543406665706
-68.49312532529868,-53.15800523365393,-49.14075189029044,-48.253205305583734,-53.99625395825872,-59.030345763735184
-36.79491861359975,-39.47618722171658,-40.32742392684453,-36.009861858118335,-39.62883016306233,-42.18748205351963
-15.70751801408064,-14.315972620706194,-17.678434085054217,3.095833424066855,0.661847273847693,-13.481817509249248
-31.38595662850724,-7.883348720058631,-17.675601659160698,-10.783832183938065,-2.4888345403679324,-2.421881849879427
4.8247130857136415,7.163450918772402,4.773058896676883,6.439667095953499,6.3327798496166245,4.263925228166428
-3.8254080547741327,-7.188717939748073,-5.191577844141922,-7.192148152958201,-6.712113386192146,-13.436244963462174
-58.20345545740456,-41.24124077982931,-45.68139610341208,-41.720457085174026,-51.86670728253995,-49.66687151300362
-42.02615128253207,-41.71846289983102,-40.81549162222983,-37.021305818167605,-39.40312549204871,-40.91695448378006
-23.789175196887637,-6.201149814270966,-29.703647917186643,-10.161768094552341,-11.673181308509609,-13.965113551106462
-20.99389767852804,-2.5444154132100096,-19.909920157614515,-15.779284446512621,-21.824526425742825,-10.500561125191583
10.635534397904134,3.629635154807136,7.595735648743893,6.35046146450761,4.486378826945047,7.580557085909211
-11.199548718582317,-5.661490368659276,-11.085621354247165,-3.8124694795491547,-6.532768749217056,-12.829765537402537
-53.36725598921283,-25.762687480731426,-47.874881520811506,-48.42511436530665,-64.70264982020514,-56.051676637993594
-40.122718649483545,-46.06639152690934,-43.07372261008445,-40.26514001604904,-42.118444999483955,-42.56312872014773
0.0,0.0,0.0,0.0,0.0,0.0
0.0,0.0,0.0,0.0,0.0,0.0
0.0,0.0,0.0,0.0,0.0,0.0
0.0,0.0,0.0,0.0,0.0,0.0
0.0,0.0,0.0,0.0,0.0,0.0
0.0,0.0,0.0,0.0,0.0,0.0
0.0,0.0,0.0,0.0,0.0,0.0
0.0,0.0,0.0,0.0,0.0,0.0
0.0,0.0,0.0,0.0,0.0,0.0
0.0,0.0,0.0,0.0,0.0,0.0
0.0,0.0,0.0,0.0,0.0,0.0
0.0,0.0,0.0,0.0,0.0,0.0
-31.331962611991706,-19.90983608433401,-30.73694802853858,-37.480246921661085,-38.058927549896175,-31.961888519674375
-13.763715586028994,-15.202181013326356,-15.332259057562396,-12.93382206595722,-6.981877062642947,-16.822578142584998
3.008011587053338,4.054139643136602,1.5284224972814682,3.7616440352789655,0.7600262312079618,1.6363035803098798
2.125834059776074,3.1929613338909424,2.580429475945281,1.9866182202249452,3.1817107861350156,6.556131382665
-5.745342180349001,-5.63469723698316,-3.023503712667613,-11.329649689118234,-8.65882139276402,-14.930184684420984
-5.152475416220765,-9.541413856019817,-4.868146519501674,-8.638417388763994,-5.470434031737467,-5.388088138536564
0.0,0.0,0.0,0.0,0.0,0.0
0.0,0.0,0.0,0.0,0.0,0.0
0.0,0.0,0.0,0.0,0.0,0.0
0.0,0.0,0.0,0.0,0.0,0.0
0.0,0.0,0.0,0.0,0.0,0.0
0.0,0.0,0.0,0.0,0.0,0.0
0.0,0.0,0.0,0.0,0.0,0.0
0.0,0.0,0.0,0.0,0.0,0.0
0.0,0.0,0.0,0.0,0.0,0.0
0.0,0.0,0.0,0.0,0.0,0.0
0.0,0.0,0.0,0.0,0.0,0.0
0.0,0.0,0.0,0.0,0.0,0.0
-33.03566641145874,-28.51573617451134,-16.173109861419118,-20.23765452412216,-13.071393781884568,-11.678074054089114
-21.031336120846532,-9.252199320857521,-11.41595331630028,-3.9963829420753405,-6.065163342123446,-0.030107983976407522
3.725869308254457,2.0079885777168327,1.395202937416312,9.625525680748817,0.7414214067541542,1.649758370809938
-4.968320099888296,-1.2738601087983943,-4.245195670376259,-11.956162129856597,1.0194901600410171,-5.2421865435974055
-30.2659702990582,-22.6599804189421,-25.337722944381273,-29.30649791964994,-22.23373262061468,-26.847967414328153
-16.030904419499908,-16.521491669620474,-19.34240841642246,-21.63832146507477,-15.709075333599145,-15.896507792657125
0.0,0.0,0.0,0.0,0.0,0.0
0.0,0.0,0.0,0.0,0.0,0.0
0.0,0.0,0.0,0.0,0.0,0.0
0.0,0.0,0.0,0.0,0.0,0.0
0.0,0.0,0.0,0.0,0.0,0.0
0.0,0.0,0.0,0.0,0.0,0.0
-27.896435133252275,-26.53884986573558,-27.97328370315242,-8.140439298288587,-7.939390097044105,-22.91636535216755
-2.0939106044181806,-16.392436860357645,-2.4572306525052428,-6.094807211803241,-9.000595282789387,2.30250080648694
3.068840075762086,3.4816991506398716,3.5688189152303305,5.026989146695916,5.430370173966153,5.107667120308075
-5.321936984459482,-2.404394921931399,-3.6138110874753946,-3.0150143374621314,-4.441784575067684,-6.3409175646126705
-14.938381147909055,-1.0289062978336967,-13.598392309868817,-7.871971347098156,-21.56464012850734,-16.194144397122862
-13.924988378716142,-16.326902746910875,-15.39593380943264,-14.076633066076544,-14.411200852933888,-15.132038089464674
0.0,0.0,0.0,0.0,0.0,0.0
0.0,0.0,0.0,0.0,0.0,0.0
0.0,0.0,0.0,0.0,0.0,0.0
0.0,0.0,0.0,0.0,0.0,0.0
0.0,0.0,0.0,0.0,0.0,0.0
0.0,0.0,0.0,0.0,0.0,0.0
